region,date,median,lower_90,upper_90,lower_50,upper_50,confidence
East Midlands,2020-01-03,1,1,1,1,1,1
East Midlands,2020-01-04,0.5,0,1,0,1,1
East Midlands,2020-01-05,0,0,0,0,0,1
East Midlands,2020-01-06,0.5,0,1,0,1,1
East Midlands,2020-01-07,0,0,1,0,0,1
East Midlands,2020-01-08,0,0,1,0,0,1
East Midlands,2020-01-09,0,0,1,0,0,1
East Midlands,2020-01-10,0,0,1,0,0,1
East Midlands,2020-01-11,0,0,1,0,0,1
East Midlands,2020-01-12,0,0,1,0,0,1
East Midlands,2020-01-13,0,0,1,0,0,1
East Midlands,2020-01-14,0,0,1,0,0,1
East Midlands,2020-01-15,0,0,1,0,0,1
East Midlands,2020-01-16,0,0,1,0,0,1
East Midlands,2020-01-17,0,0,1,0,0,1
East Midlands,2020-01-18,0,0,1,0,0,1
East Midlands,2020-01-19,0,0,1,0,0,1
East Midlands,2020-01-20,0,0,1,0,0,1
East Midlands,2020-01-21,0,0,1,0,0,1
East Midlands,2020-01-22,0,0,1,0,0,1
East Midlands,2020-01-23,0,0,1,0,0,1
East Midlands,2020-01-24,0,0,1,0,0,1
East Midlands,2020-01-25,0,0,1,0,0,1
East Midlands,2020-01-26,0,0,1,0,0,1
East Midlands,2020-01-27,0,0,1,0,0,1
East Midlands,2020-01-28,0,0,1,0,0,1
East Midlands,2020-01-29,0,0,1,0,0,1
East Midlands,2020-01-30,0,0,1,0,0,1
East Midlands,2020-01-31,0,0,1,0,0,1
East Midlands,2020-02-01,0,0,1,0,0,1
East Midlands,2020-02-02,0,0,1,0,0,1
East Midlands,2020-02-03,0,0,1,0,0,1
East Midlands,2020-02-04,0,0,1,0,0,1
East Midlands,2020-02-05,0,0,1,0,0,1
East Midlands,2020-02-06,0,0,1,0,0,1
East Midlands,2020-02-07,0,0,1,0,0,1
East Midlands,2020-02-08,0,0,1,0,0,1
East Midlands,2020-02-09,0,0,1,0,0,1
East Midlands,2020-02-10,0,0,1,0,0,1
East Midlands,2020-02-11,0,0,2,0,0,1
East Midlands,2020-02-12,0,0,2,0,0,1
East Midlands,2020-02-13,1,0,2,0,1,1
East Midlands,2020-02-14,1,0,2,0,1,1
East Midlands,2020-02-15,1,0,3,0,1,1
East Midlands,2020-02-16,1,0,3,0,1,1
East Midlands,2020-02-17,2,0,4,1,2,1
East Midlands,2020-02-18,2,0,4,0,2,1
East Midlands,2020-02-19,2,0,5,0,2,1
East Midlands,2020-02-20,3,0,6,1,3,1
East Midlands,2020-02-21,4,0,7,2,4,1
East Midlands,2020-02-22,4,1,8,2,5,1
East Midlands,2020-02-23,5,1,10,3,6,1
East Midlands,2020-02-24,7,1,11,4,7,1
East Midlands,2020-02-25,8,2,13,5,9,1
East Midlands,2020-02-26,9,2,15,7,11,1
East Midlands,2020-02-27,11,5,18,8,13,1
East Midlands,2020-02-28,13,5,21,9,15,1
East Midlands,2020-02-29,15,8,24,11,17,1
East Midlands,2020-03-01,18,9,28,12,19,1
East Midlands,2020-03-02,21,11,32,18,26,1
East Midlands,2020-03-03,24.5,12,36,18,27,1
East Midlands,2020-03-04,29,15,41,24,34,1
East Midlands,2020-03-05,33,19,47,25,36,1
East Midlands,2020-03-06,39,23,53,29,41,1
East Midlands,2020-03-07,45,29,61,35,48,1
East Midlands,2020-03-08,50,31,66,40,54,1
East Midlands,2020-03-09,58,37,74,47,62,1
East Midlands,2020-03-10,65,45,85,55,71,1
East Midlands,2020-03-11,74,53,94,64,81,1
East Midlands,2020-03-12,82,61,104,72,89,1
East Midlands,2020-03-13,93,70,116,80,99,1
East Midlands,2020-03-14,102,80,128,91,110,1
East Midlands,2020-03-15,114,86,136,100,120,1
East Midlands,2020-03-16,124,102,150,108,129,1
East Midlands,2020-03-17,134,108,160,120,140,1
East Midlands,2020-03-18,145,119,172,133,155,1
East Midlands,2020-03-19,155,127,180,148,169,1
East Midlands,2020-03-20,164,141,191,154,174,1
East Midlands,2020-03-21,174,148,199,163,183,1
East Midlands,2020-03-22,182,149,203,171,191,1
East Midlands,2020-03-23,189,160,212,173,194,1
East Midlands,2020-03-24,195,169,218,184,203,1
East Midlands,2020-03-25,202,175,223,190,209,1
East Midlands,2020-03-26,205,180,228,194,213,1
East Midlands,2020-03-27,208,183,230,193,213,1
East Midlands,2020-03-28,207,179,230,193,212,1
East Midlands,2020-03-29,204,179,225,192,211,1
East Midlands,2020-03-30,201,175,223,193,212,1
East Midlands,2020-03-31,199,173,224,185,204,1
East Midlands,2020-04-01,198,171,221,187,207,1
East Midlands,2020-04-02,199,177,225,186,205,1
East Midlands,2020-04-03,200,177,226,185,206,1
East Midlands,2020-04-04,205,178,230,193,214,1
East Midlands,2020-04-05,206,182,236,193,215,1
East Midlands,2020-04-06,209.5,181,234,193,215,1
East Midlands,2020-04-07,214,186,242,201,223,1
East Midlands,2020-04-08,219,192,245,204,225,1
East Midlands,2020-04-09,223,195,250,211,234,1
East Midlands,2020-04-10,228,199,256,215,237,1
East Midlands,2020-04-11,234,206,260,222,244,1
East Midlands,2020-04-12,238,209,263,224,247,1
East Midlands,2020-04-13,242,212,271,229,253,1
East Midlands,2020-04-14,247,215,272,233,256,1
East Midlands,2020-04-15,250,222,278,233,257,1
East Midlands,2020-04-16,254,225,280,238,261,1
East Midlands,2020-04-17,258,230,286,241,265,1
East Midlands,2020-04-18,260,231,285,246,268,1
East Midlands,2020-04-19,264,235,289,253,274,1
East Midlands,2020-04-20,264,235,290,248,270,1
East Midlands,2020-04-21,263,236,288,254,274,1
East Midlands,2020-04-22,262,232,288,251,272,1
East Midlands,2020-04-23,260,235,291,244,267,1
East Midlands,2020-04-24,259,230,283,248,270,1
East Midlands,2020-04-25,255,227,279,244,265,1
East Midlands,2020-04-26,252,223,276,238,259,1
East Midlands,2020-04-27,248,220,274,236,257,1
East Midlands,2020-04-28,243.5,218,271,233,254,1
East Midlands,2020-04-29,246,217,270,236,257,1
East Midlands,2020-04-30,246,218,274,232,254,1
East Midlands,2020-05-01,248,222,277,234,256,1
East Midlands,2020-05-02,249,221,274,239,260,1
East Midlands,2020-05-03,247,220,273,233,256,1
East Midlands,2020-05-04,245,215,269,235,255,1
East Midlands,2020-05-05,242,213,267,231,252,1
East Midlands,2020-05-06,241,212,264,227,248,1
East Midlands,2020-05-07,239,214,267,224,246,1
East Midlands,2020-05-08,238,210,262,225,246,1
East Midlands,2020-05-09,233,205,257,215,238,1
East Midlands,2020-05-10,228,201,251,214,235,1
East Midlands,2020-05-11,222.5,199,249,211,231,1
East Midlands,2020-05-12,219,190,241,209,229,1
East Midlands,2020-05-13,213,189,238,199,219,1
East Midlands,2020-05-14,208,182,232,195,214,1
East Midlands,2020-05-15,201,175,222,190,208,1
East Midlands,2020-05-16,193.5,170,217,182,200,1
East Midlands,2020-05-17,185,161,207,172,191,1
East Midlands,2020-05-18,177,154,198,168,185,1
East Midlands,2020-05-19,171,147,189,159,177,1
East Midlands,2020-05-20,166,143,186,157,174,1
East Midlands,2020-05-21,164,143,184,153,170,1
East Midlands,2020-05-22,163,140,182,151,168,1
East Midlands,2020-05-23,162,138,181,151,168,1
East Midlands,2020-05-24,161,138,179,152,169,1
East Midlands,2020-05-25,160,138,180,149,166,1
East Midlands,2020-05-26,158,137,176,148,164,1
East Midlands,2020-05-27,157,135,177,146,163,1
East Midlands,2020-05-28,155,135,177,145,162,1
East Midlands,2020-05-29,153,132,172,143,159,1
East Midlands,2020-05-30,151,129,170,138,155,1
East Midlands,2020-05-31,148,127,166,140,156,1
East Midlands,2020-06-01,147,124,165,137,154,1
East Midlands,2020-06-02,147,127,168,136,153,1
East Midlands,2020-06-03,148,125,167,135,153,1
East Midlands,2020-06-04,150,128,169,139,155,1
East Midlands,2020-06-05,150,132,171,139,155,1
East Midlands,2020-06-06,150,129,169,140,156,1
East Midlands,2020-06-07,149,124,166,141,157,1
East Midlands,2020-06-08,147,128,167,137,153,1
East Midlands,2020-06-09,145,123,164,135,151,1
East Midlands,2020-06-10,144,124,163,133,149,1
East Midlands,2020-06-11,142,124,162,135,150,1
East Midlands,2020-06-12,140,120,159,129,145,0.99
East Midlands,2020-06-13,138,115,156,128,144,0.99
East Midlands,2020-06-14,134,114,152,125,140,0.99
East Midlands,2020-06-15,130,110,149,119,135,0.99
East Midlands,2020-06-16,126.5,110,147,119,134,0.98
East Midlands,2020-06-17,123,102,139,116,131,0.98
East Midlands,2020-06-18,117,97,133,106,121,0.97
East Midlands,2020-06-19,111,94,129,102,116,0.96
East Midlands,2020-06-20,105,88,121,97,110,0.95
East Midlands,2020-06-21,98,79,113,91,104,0.93
East Midlands,2020-06-22,92,77,109,83,96,0.91
East Midlands,2020-06-23,89,74,106,80,93,0.89
East Midlands,2020-06-24,84,67,98,75,88,0.86
East Midlands,2020-06-25,80,62,94,70,84,0.82
East of England,2019-12-27,1,1,1,1,1,1
East of England,2019-12-28,0,0,0,0,0,1
East of England,2019-12-29,0,0,0,0,0,1
East of England,2019-12-30,0,0,0,0,0,1
East of England,2019-12-31,0,0,0,0,0,1
East of England,2020-01-01,0,0,0,0,0,1
East of England,2020-01-02,0,0,0,0,0,1
East of England,2020-01-03,0,0,0,0,0,1
East of England,2020-01-04,0,0,0,0,0,1
East of England,2020-01-05,0,0,0,0,0,1
East of England,2020-01-06,0.5,0,1,0,1,1
East of England,2020-01-07,1,0,1,1,1,1
East of England,2020-01-08,0.5,0,1,0,1,1
East of England,2020-01-09,1,0,1,1,1,1
East of England,2020-01-10,0,0,1,0,0,1
East of England,2020-01-11,0,0,1,0,0,1
East of England,2020-01-12,0,0,1,0,0,1
East of England,2020-01-13,0,0,1,0,0,1
East of England,2020-01-14,0,0,1,0,0,1
East of England,2020-01-15,0,0,1,0,0,1
East of England,2020-01-16,0,0,1,0,0,1
East of England,2020-01-17,0,0,1,0,0,1
East of England,2020-01-18,0,0,1,0,0,1
East of England,2020-01-19,0,0,1,0,0,1
East of England,2020-01-20,0,0,1,0,0,1
East of England,2020-01-21,0,0,1,0,0,1
East of England,2020-01-22,0,0,1,0,0,1
East of England,2020-01-23,0,0,1,0,0,1
East of England,2020-01-24,0,0,1,0,0,1
East of England,2020-01-25,0,0,1,0,0,1
East of England,2020-01-26,0,0,1,0,0,1
East of England,2020-01-27,0,0,1,0,0,1
East of England,2020-01-28,0,0,1,0,0,1
East of England,2020-01-29,0,0,1,0,0,1
East of England,2020-01-30,0,0,1,0,0,1
East of England,2020-01-31,0,0,1,0,0,1
East of England,2020-02-01,0,0,1,0,0,1
East of England,2020-02-02,0,0,0,0,0,1
East of England,2020-02-03,0,0,0,0,0,1
East of England,2020-02-04,0,0,0,0,0,1
East of England,2020-02-05,0,0,1,0,0,1
East of England,2020-02-06,0,0,1,0,0,1
East of England,2020-02-07,0,0,1,0,0,1
East of England,2020-02-08,0,0,1,0,0,1
East of England,2020-02-09,0,0,1,0,0,1
East of England,2020-02-10,0,0,1,0,0,1
East of England,2020-02-11,0,0,1,0,0,1
East of England,2020-02-12,0,0,2,0,0,1
East of England,2020-02-13,0,0,2,0,0,1
East of England,2020-02-14,1,0,2,0,1,1
East of England,2020-02-15,1,0,3,0,1,1
East of England,2020-02-16,1,0,3,0,1,1
East of England,2020-02-17,1,0,4,0,1,1
East of England,2020-02-18,2,0,4,0,2,1
East of England,2020-02-19,2,0,5,0,2,1
East of England,2020-02-20,3,0,6,1,3,1
East of England,2020-02-21,4,0,7,1,4,1
East of England,2020-02-22,4,0,8,2,5,1
East of England,2020-02-23,6,0,10,3,6,1
East of England,2020-02-24,7,2,12,3,7,1
East of England,2020-02-25,8,2,14,4,9,1
East of England,2020-02-26,10,3,17,6,11,1
East of England,2020-02-27,12,4,20,7,13,1
East of England,2020-02-28,14,5,23,10,16,1
East of England,2020-02-29,17,7,27,10,18,1
East of England,2020-03-01,20,8,31,13,22,1
East of England,2020-03-02,24,11,37,18,28,1
East of England,2020-03-03,29,15,43,20,31,1
East of England,2020-03-04,34,17,49,27,39,1
East of England,2020-03-05,40,22,56,29,43,1
East of England,2020-03-06,47,28,66,36,52,1
East of England,2020-03-07,55,34,76,45,62,1
East of England,2020-03-08,64,40,85,51,70,1
East of England,2020-03-09,74,45,95,61,80,1
East of England,2020-03-10,83,58,111,73,94,1
East of England,2020-03-11,96,65,121,80,103,1
East of England,2020-03-12,109,78,141,93,118,1
East of England,2020-03-13,123,93,156,103,130,1
East of England,2020-03-14,138,108,178,121,148,1
East of England,2020-03-15,154,121,188,134,162,1
East of England,2020-03-16,171,139,208,153,180,1
East of England,2020-03-17,188,153,222,173,202,1
East of England,2020-03-18,205,172,238,188,214,1
East of England,2020-03-19,222,186,256,211,238,1
East of England,2020-03-20,237,200,271,219,248,1
East of England,2020-03-21,251,214,282,233,261,1
East of England,2020-03-22,263,228,298,252,279,1
East of England,2020-03-23,274,242,309,260,286,1
East of England,2020-03-24,286,250,319,269,297,1
East of England,2020-03-25,297,260,330,279,308,1
East of England,2020-03-26,305,274,337,292,319,1
East of England,2020-03-27,313,278,342,301,328,1
East of England,2020-03-28,317,285,348,303,328,1
East of England,2020-03-29,318,287,348,308,333,1
East of England,2020-03-30,318,285,345,300,324,1
East of England,2020-03-31,318,286,346,302,326,1
East of England,2020-04-01,317,284,348,302,326,1
East of England,2020-04-02,319.5,289,352,302,328,1
East of England,2020-04-03,319,284,346,304,329,1
East of England,2020-04-04,316,280,345,298,324,1
East of England,2020-04-05,316,283,351,301,328,1
East of England,2020-04-06,315,284,351,298,326,1
East of England,2020-04-07,317,280,351,301,329,1
East of England,2020-04-08,325,288,363,307,338,1
East of England,2020-04-09,334,298,373,320,351,1
East of England,2020-04-10,344,304,381,329,358,1
East of England,2020-04-11,356,313,389,338,367,1
East of England,2020-04-12,365,326,405,345,375,1
East of England,2020-04-13,374,335,410,360,391,1
East of England,2020-04-14,382,343,419,364,395,1
East of England,2020-04-15,390,351,423,371,400,1
East of England,2020-04-16,395,361,432,375,404,1
East of England,2020-04-17,398,367,435,384,410,1
East of England,2020-04-18,399,363,433,376,407,1
East of England,2020-04-19,396,357,426,382,408,1
East of England,2020-04-20,392,354,423,376,403,1
East of England,2020-04-21,383,349,415,364,391,1
East of England,2020-04-22,377,342,411,361,388,1
East of England,2020-04-23,370,335,402,356,383,1
East of England,2020-04-24,360,327,394,342,369,1
East of England,2020-04-25,348,311,378,332,360,1
East of England,2020-04-26,334,296,364,324,350,1
East of England,2020-04-27,321,286,347,305,330,1
East of England,2020-04-28,306,275,338,291,317,1
East of England,2020-04-29,295,268,328,281,304,1
East of England,2020-04-30,284,256,311,272,296,1
East of England,2020-05-01,274,246,303,256,279,1
East of England,2020-05-02,265,236,293,253,274,1
East of England,2020-05-03,256,225,281,244,265,1
East of England,2020-05-04,246,222,275,235,256,1
East of England,2020-05-05,237.5,211,263,228,248,1
East of England,2020-05-06,231,203,256,217,239,1
East of England,2020-05-07,224,199,249,213,234,1
East of England,2020-05-08,219,193,245,205,226,1
East of England,2020-05-09,209,184,234,199,219,1
East of England,2020-05-10,198,170,219,185,205,1
East of England,2020-05-11,189,164,212,178,197,1
East of England,2020-05-12,183,159,206,174,192,1
East of England,2020-05-13,177,153,200,163,183,1
East of England,2020-05-14,171,149,193,162,179,1
East of England,2020-05-15,164,143,186,148,167,1
East of England,2020-05-16,156,131,175,146,164,1
East of England,2020-05-17,145,122,163,134,150,1
East of England,2020-05-18,134,114,151,126,141,1
East of England,2020-05-19,126,107,144,117,132,1
East of England,2020-05-20,119,97,135,108,123,1
East of England,2020-05-21,115,98,133,106,120,1
East of England,2020-05-22,111,92,127,101,115,1
East of England,2020-05-23,107,88,121,99,112,1
East of England,2020-05-24,103,85,117,94,107,1
East of England,2020-05-25,98,84,115,93,105,1
East of England,2020-05-26,95,77,109,89,101,1
East of England,2020-05-27,93,74,107,84,97,1
East of England,2020-05-28,91,74,105,86,98,1
East of England,2020-05-29,90,75,105,79,92,1
East of England,2020-05-30,88,75,105,78,91,1
East of England,2020-05-31,87,71,101,80,92,1
East of England,2020-06-01,85,70,98,77,89,1
East of England,2020-06-02,84,67,97,77,89,1
East of England,2020-06-03,83,69,97,77,88,1
East of England,2020-06-04,82,65,96,73,85,1
East of England,2020-06-05,81,66,96,74,85,1
East of England,2020-06-06,79,64,93,70,82,1
East of England,2020-06-07,75,58,88,67,79,1
East of England,2020-06-08,73,56,85,66,77,1
East of England,2020-06-09,70,55,84,62,73,1
East of England,2020-06-10,67,53,79,59,70,1
East of England,2020-06-11,64,48,75,57,67,1
East of England,2020-06-12,60,46,73,55,65,0.99
East of England,2020-06-13,55,42,67,49,58,0.99
East of England,2020-06-14,51,40,63,45,54,0.99
East of England,2020-06-15,47,35,57,40,49,0.99
East of England,2020-06-16,44,33,55,37,46,0.98
East of England,2020-06-17,41,30,50,37,45,0.98
East of England,2020-06-18,38,28,48,34,42,0.97
East of England,2020-06-19,36,26,46,31,39,0.96
East of England,2020-06-20,33,24,42,27,35,0.95
East of England,2020-06-21,30,22,40,25,32,0.93
East of England,2020-06-22,28,19,36,22,29,0.91
East of England,2020-06-23,25,17,34,22,28,0.89
East of England,2020-06-24,23,14,31,18,25,0.86
East of England,2020-06-25,22,14,31,16,23,0.82
London,2020-01-03,1,1,1,1,1,1
London,2020-01-04,0,0,0,0,0,1
London,2020-01-05,0,0,0,0,0,1
London,2020-01-06,0.5,0,1,0,1,1
London,2020-01-07,0,0,0,0,0,1
London,2020-01-08,0,0,0,0,0,1
London,2020-01-09,0,0,1,0,0,1
London,2020-01-10,0,0,0,0,0,1
London,2020-01-11,0,0,1,0,0,1
London,2020-01-12,0,0,1,0,0,1
London,2020-01-13,0,0,1,0,0,1
London,2020-01-14,1,0,1,1,1,1
London,2020-01-15,0,0,1,0,0,1
London,2020-01-16,0,0,1,0,0,1
London,2020-01-17,0,0,1,0,0,1
London,2020-01-18,0,0,1,0,0,1
London,2020-01-19,0,0,1,0,0,1
London,2020-01-20,0,0,1,0,0,1
London,2020-01-21,0,0,1,0,0,1
London,2020-01-22,0,0,1,0,0,1
London,2020-01-23,0,0,1,0,0,1
London,2020-01-24,0,0,1,0,0,1
London,2020-01-25,0,0,1,0,0,1
London,2020-01-26,0,0,1,0,0,1
London,2020-01-27,0,0,1,0,0,1
London,2020-01-28,0,0,1,0,0,1
London,2020-01-29,0,0,1,0,0,1
London,2020-01-30,0,0,1,0,0,1
London,2020-01-31,0,0,1,0,0,1
London,2020-02-01,0,0,1,0,0,1
London,2020-02-02,0,0,2,0,0,1
London,2020-02-03,0,0,2,0,0,1
London,2020-02-04,0,0,2,0,0,1
London,2020-02-05,1,0,2,0,1,1
London,2020-02-06,1,0,2,0,1,1
London,2020-02-07,1,0,3,0,1,1
London,2020-02-08,1,0,3,0,1,1
London,2020-02-09,1,0,4,0,1,1
London,2020-02-10,2,0,4,1,2,1
London,2020-02-11,2,0,5,0,2,1
London,2020-02-12,3,0,6,1,3,1
London,2020-02-13,3,0,8,0,3,1
London,2020-02-14,4,0,9,1,4,1
London,2020-02-15,5,0,11,1,5,1
London,2020-02-16,7,1,14,2,7,1
London,2020-02-17,8,1,17,3,9,1
London,2020-02-18,11,2,20,5,12,1
London,2020-02-19,13,4,25,6,14,1
London,2020-02-20,16.5,5,30,10,19,1
London,2020-02-21,20,5,34,11,22,1
London,2020-02-22,25,11,45,13,27,1
London,2020-02-23,31,13,52,22,36,1
London,2020-02-24,38,16,61,24,42,1
London,2020-02-25,46,20,73,32,51,1
London,2020-02-26,56,27,85,40,63,1
London,2020-02-27,67,36,101,48,73,1
London,2020-02-28,80,43,114,60,88,1
London,2020-02-29,96,60,141,77,107,1
London,2020-03-01,114,70,158,93,127,1
London,2020-03-02,135,81,179,104,143,1
London,2020-03-03,157,110,215,135,175,1
London,2020-03-04,182,129,239,159,202,1
London,2020-03-05,210,161,274,182,228,1
London,2020-03-06,239,174,299,207,255,1
London,2020-03-07,269,204,331,240,292,1
London,2020-03-08,300,222,359,260,313,1
London,2020-03-09,331,263,404,301,356,1
London,2020-03-10,366.5,293,438,335,389,1
London,2020-03-11,404,330,475,369,429,1
London,2020-03-12,442,383,531,400,459,1
London,2020-03-13,482,407,558,444,503,1
London,2020-03-14,521,441,594,494,553,1
London,2020-03-15,561.5,492,641,538,597,1
London,2020-03-16,597,518,663,569,627,1
London,2020-03-17,632,565,706,599,655,1
London,2020-03-18,664,603,734,635,687,1
London,2020-03-19,698,640,774,681,733,1
London,2020-03-20,722,659,781,696,745,1
London,2020-03-21,744,687,805,718,764,1
London,2020-03-22,756,697,811,732,777,1
London,2020-03-23,765,707,823,739,784,1
London,2020-03-24,769,708,819,747,791,1
London,2020-03-25,777.5,724,831,748,792,1
London,2020-03-26,780,722,832,759,800,1
London,2020-03-27,779,716,825,757,801,1
London,2020-03-28,766,707,816,748,792,1
London,2020-03-29,746,693,802,720,764,1
London,2020-03-30,721,663,769,702,746,1
London,2020-03-31,690,645,748,665,707,1
London,2020-04-01,664,609,711,638,680,1
London,2020-04-02,637.5,583,685,608,648,1
London,2020-04-03,612,564,662,589,629,1
London,2020-04-04,587,538,636,558,597,1
London,2020-04-05,557,513,596,535,569,1
London,2020-04-06,529,485,568,506,540,1
London,2020-04-07,507,468,548,488,521,1
London,2020-04-08,490,445,528,471,506,1
London,2020-04-09,477,434,516,460,493,1
London,2020-04-10,461,415,498,443,477,1
London,2020-04-11,443.5,403,481,427,458,1
London,2020-04-12,428,383,462,412,443,1
London,2020-04-13,407,371,446,389,420,1
London,2020-04-14,390,352,421,371,399,1
London,2020-04-15,376,340,409,356,385,1
London,2020-04-16,363.5,326,395,344,371,1
London,2020-04-17,355,320,388,334,362,1
London,2020-04-18,344,309,375,329,356,1
London,2020-04-19,333,301,368,319,345,1
London,2020-04-20,320,288,353,308,334,1
London,2020-04-21,307,270,335,286,313,1
London,2020-04-22,292,260,324,275,302,1
London,2020-04-23,281,248,312,264,289,1
London,2020-04-24,269,238,298,253,279,1
London,2020-04-25,254,221,282,237,262,1
London,2020-04-26,237,208,265,229,252,1
London,2020-04-27,222.5,193,248,211,232,1
London,2020-04-28,205,175,228,189,210,1
London,2020-04-29,191,166,216,179,199,1
London,2020-04-30,182,158,204,175,193,1
London,2020-05-01,173,152,199,160,179,1
London,2020-05-02,166,142,188,155,173,1
London,2020-05-03,156,132,176,146,163,1
London,2020-05-04,147,124,167,133,151,1
London,2020-05-05,138,117,157,128,144,1
London,2020-05-06,131,109,148,122,137,1
London,2020-05-07,124,105,142,116,130,1
London,2020-05-08,119,98,136,111,126,1
London,2020-05-09,113,93,131,105,120,1
London,2020-05-10,107,89,124,97,111,1
London,2020-05-11,99,82,115,88,102,1
London,2020-05-12,94,76,111,87,100,1
London,2020-05-13,89,71,104,81,93,1
London,2020-05-14,87,70,102,77,90,1
London,2020-05-15,83,65,97,75,88,1
London,2020-05-16,78,61,90,71,82,1
London,2020-05-17,72,58,86,64,75,1
London,2020-05-18,66,52,79,57,68,1
London,2020-05-19,60,47,73,53,63,1
London,2020-05-20,57,43,68,51,61,1
London,2020-05-21,55,41,66,50,59,1
London,2020-05-22,54,41,64,48,57,1
London,2020-05-23,53,40,63,48,57,1
London,2020-05-24,52,40,63,44,54,1
London,2020-05-25,50,38,60,43,52,1
London,2020-05-26,49,36,59,45,54,1
London,2020-05-27,49,37,59,42,51,1
London,2020-05-28,49,38,60,44,52,1
London,2020-05-29,49,38,59,44,52,1
London,2020-05-30,49,36,59,44,53,1
London,2020-05-31,48,37,59,41,50,1
London,2020-06-01,48,35,57,44,52,1
London,2020-06-02,46,35,57,39,48,1
London,2020-06-03,46,35,56,39,48,1
London,2020-06-04,44,33,54,40,48,1
London,2020-06-05,43,32,52,37,45,1
London,2020-06-06,42,31,52,36,44,1
London,2020-06-07,41,32,51,35,43,1
London,2020-06-08,40,28,49,33,42,1
London,2020-06-09,39,28,48,33,41,1
London,2020-06-10,39,28,47,32,40,1
London,2020-06-11,38,27,47,33,41,1
London,2020-06-12,38,28,48,33,41,0.99
London,2020-06-13,38,26,47,32,40,0.99
London,2020-06-14,38,27,47,31,39,0.99
London,2020-06-15,38,26,47,32,40,0.99
London,2020-06-16,38,27,47,32,40,0.98
London,2020-06-17,38,26,46,33,41,0.98
London,2020-06-18,38,28,47,32,40,0.97
London,2020-06-19,37,28,48,30,38,0.96
London,2020-06-20,36,26,45,30,38,0.95
London,2020-06-21,34,24,43,29,36,0.93
London,2020-06-22,33,22,41,29,36,0.91
London,2020-06-23,30,21,40,26,33,0.89
London,2020-06-24,28,18,36,24,31,0.86
London,2020-06-25,26,16,34,21,28,0.82
North East,2020-01-25,1,1,1,1,1,1
North East,2020-01-26,1,0,1,1,1,1
North East,2020-01-27,0,0,1,0,0,1
North East,2020-01-28,0,0,1,0,0,1
North East,2020-01-29,0,0,0,0,0,1
North East,2020-01-30,0,0,1,0,0,1
North East,2020-01-31,0,0,1,0,0,1
North East,2020-02-01,0,0,1,0,0,1
North East,2020-02-02,0.5,0,1,0,1,1
North East,2020-02-03,0,0,1,0,0,1
North East,2020-02-04,0,0,1,0,0,1
North East,2020-02-05,0,0,1,0,0,1
North East,2020-02-06,0,0,1,0,0,1
North East,2020-02-07,0,0,1,0,0,1
North East,2020-02-08,0,0,1,0,0,1
North East,2020-02-09,0,0,1,0,0,1
North East,2020-02-10,0,0,1,0,0,1
North East,2020-02-11,0,0,1,0,0,1
North East,2020-02-12,0,0,1,0,0,1
North East,2020-02-13,0,0,1,0,0,1
North East,2020-02-14,0,0,1,0,0,1
North East,2020-02-15,0,0,1,0,0,1
North East,2020-02-16,0,0,1,0,0,1
North East,2020-02-17,0,0,2,0,0,1
North East,2020-02-18,1,0,2,0,1,1
North East,2020-02-19,1,0,2,0,1,1
North East,2020-02-20,1,0,2,0,1,1
North East,2020-02-21,1,0,3,0,1,1
North East,2020-02-22,1,0,3,0,1,1
North East,2020-02-23,1,0,4,0,1,1
North East,2020-02-24,2,0,5,0,2,1
North East,2020-02-25,2,0,5,0,2,1
North East,2020-02-26,3,0,6,1,3,1
North East,2020-02-27,4,0,7,1,4,1
North East,2020-02-28,4,1,9,1,4,1
North East,2020-02-29,5,0,10,3,6,1
North East,2020-03-01,7,1,12,3,7,1
North East,2020-03-02,8,2,15,4,9,1
North East,2020-03-03,10,2,17,6,11,1
North East,2020-03-04,12,5,21,7,13,1
North East,2020-03-05,14,5,24,8,15,1
North East,2020-03-06,17,5,27,12,20,1
North East,2020-03-07,21,9,33,12,22,1
North East,2020-03-08,25,11,38,16,27,1
North East,2020-03-09,30,12,43,22,34,1
North East,2020-03-10,35,20,53,24,37,1
North East,2020-03-11,42,23,60,30,45,1
North East,2020-03-12,49,29,70,36,53,1
North East,2020-03-13,58,38,81,47,64,1
North East,2020-03-14,67,41,90,52,72,1
North East,2020-03-15,77,50,103,64,85,1
North East,2020-03-16,89,60,117,75,97,1
North East,2020-03-17,102,70,128,82,106,1
North East,2020-03-18,115,82,144,99,123,1
North East,2020-03-19,130,100,162,117,141,1
North East,2020-03-20,146,116,181,132,157,1
North East,2020-03-21,161.5,128,191,149,173,1
North East,2020-03-22,177,144,209,162,189,1
North East,2020-03-23,193,155,223,178,205,1
North East,2020-03-24,209,172,238,198,225,1
North East,2020-03-25,224,188,252,212,235,1
North East,2020-03-26,236,204,266,221,246,1
North East,2020-03-27,248,216,275,229,253,1
North East,2020-03-28,258,227,286,244,267,1
North East,2020-03-29,262,230,290,246,270,1
North East,2020-03-30,266,236,292,254,276,1
North East,2020-03-31,271,238,296,253,278,1
North East,2020-04-01,270,240,296,258,280,1
North East,2020-04-02,271,238,297,255,278,1
North East,2020-04-03,270,242,297,254,277,1
North East,2020-04-04,268,235,292,254,278,1
North East,2020-04-05,265,238,294,250,273,1
North East,2020-04-06,264,236,292,250,272,1
North East,2020-04-07,265,236,292,251,273,1
North East,2020-04-08,269,238,297,257,279,1
North East,2020-04-09,273,239,299,258,282,1
North East,2020-04-10,279,249,308,263,286,1
North East,2020-04-11,283,252,308,267,291,1
North East,2020-04-12,284,254,311,272,294,1
North East,2020-04-13,286,258,317,272,295,1
North East,2020-04-14,286,256,315,279,302,1
North East,2020-04-15,281,249,309,269,291,1
North East,2020-04-16,277,250,306,270,293,1
North East,2020-04-17,271,243,301,255,279,1
North East,2020-04-18,267,238,293,254,276,1
North East,2020-04-19,261,232,290,248,272,1
North East,2020-04-20,255,227,281,244,265,1
North East,2020-04-21,251,223,277,237,259,1
North East,2020-04-22,245,220,273,231,252,1
North East,2020-04-23,241,210,264,232,253,1
North East,2020-04-24,236,204,260,227,247,1
North East,2020-04-25,227,198,253,216,237,1
North East,2020-04-26,216,188,242,205,226,1
North East,2020-04-27,202,176,225,194,214,1
North East,2020-04-28,191,167,213,180,199,1
North East,2020-04-29,182,156,203,170,188,1
North East,2020-04-30,176,152,196,169,186,1
North East,2020-05-01,170,147,191,156,174,1
North East,2020-05-02,163,139,185,154,171,1
North East,2020-05-03,157,132,177,143,161,1
North East,2020-05-04,149,125,167,142,158,1
North East,2020-05-05,143,123,165,133,149,1
North East,2020-05-06,138,117,156,131,146,1
North East,2020-05-07,133,112,152,120,136,1
North East,2020-05-08,126,109,146,116,132,1
North East,2020-05-09,119,99,137,109,124,1
North East,2020-05-10,113,93,129,105,119,1
North East,2020-05-11,106.5,90,126,98,111,1
North East,2020-05-12,101,85,118,94,107,1
North East,2020-05-13,97,77,111,89,102,1
North East,2020-05-14,92.5,75,107,83,96,1
North East,2020-05-15,87,73,104,80,92,1
North East,2020-05-16,83,68,98,73,85,1
North East,2020-05-17,78,63,93,71,83,1
North East,2020-05-18,72,57,85,63,75,1
North East,2020-05-19,67,55,82,58,69,1
North East,2020-05-20,64,50,76,58,68,1
North East,2020-05-21,61,49,74,55,65,1
North East,2020-05-22,58,46,71,50,61,1
North East,2020-05-23,55,41,65,47,57,1
North East,2020-05-24,51,40,63,45,54,1
North East,2020-05-25,48,35,59,40,50,1
North East,2020-05-26,45,33,55,39,48,1
North East,2020-05-27,42,32,53,36,45,1
North East,2020-05-28,41,30,51,34,42,1
North East,2020-05-29,38,26,47,32,40,1
North East,2020-05-30,35,26,45,29,37,1
North East,2020-05-31,33,23,42,27,35,1
North East,2020-06-01,30,21,39,26,33,1
North East,2020-06-02,29,20,37,24,31,1
North East,2020-06-03,28,19,36,24,30,1
North East,2020-06-04,27,18,35,24,30,1
North East,2020-06-05,26,17,33,22,28,1
North East,2020-06-06,25,17,33,22,28,1
North East,2020-06-07,24,15,31,19,25,1
North East,2020-06-08,22,15,29,18,24,1
North East,2020-06-09,20,12,27,16,22,1
North East,2020-06-10,19,12,26,14,20,1
North East,2020-06-11,17,11,24,14,19,1
North East,2020-06-12,16,9,22,12,17,0.99
North East,2020-06-13,15,9,21,11,16,0.99
North East,2020-06-14,14,8,20,11,15,0.99
North East,2020-06-15,13,7,19,9,14,0.99
North East,2020-06-16,13,7,18,10,14,0.98
North East,2020-06-17,12,6,17,9,13,0.98
North East,2020-06-18,11,5,16,8,12,0.97
North East,2020-06-19,11,6,16,7,11,0.96
North East,2020-06-20,10,4,14,6,10,0.95
North East,2020-06-21,9,4,13,5,9,0.93
North East,2020-06-22,8,3,12,6,9,0.91
North East,2020-06-23,8,3,12,6,9,0.89
North East,2020-06-24,7,2,11,5,8,0.86
North East,2020-06-25,6,2,11,4,7,0.82
North West,2020-01-21,1,1,1,1,1,1
North West,2020-01-22,0,0,1,0,0,1
North West,2020-01-23,0,0,1,0,0,1
North West,2020-01-24,0,0,1,0,0,1
North West,2020-01-25,0,0,1,0,0,1
North West,2020-01-26,0,0,1,0,0,1
North West,2020-01-27,1,0,1,1,1,1
North West,2020-01-28,0,0,1,0,0,1
North West,2020-01-29,0,0,1,0,0,1
North West,2020-01-30,0,0,1,0,0,1
North West,2020-01-31,0,0,1,0,0,1
North West,2020-02-01,0,0,1,0,0,1
North West,2020-02-02,0,0,1,0,0,1
North West,2020-02-03,0,0,1,0,0,1
North West,2020-02-04,0,0,1,0,0,1
North West,2020-02-05,0,0,1,0,0,1
North West,2020-02-06,0,0,1,0,0,1
North West,2020-02-07,0,0,1,0,0,1
North West,2020-02-08,0,0,2,0,0,1
North West,2020-02-09,0,0,1,0,0,1
North West,2020-02-10,1,0,2,0,1,1
North West,2020-02-11,1,0,2,0,1,1
North West,2020-02-12,1,0,2,0,1,1
North West,2020-02-13,1,0,3,0,1,1
North West,2020-02-14,1,0,3,0,1,1
North West,2020-02-15,1,0,4,0,1,1
North West,2020-02-16,2,0,4,1,2,1
North West,2020-02-17,2,0,5,0,2,1
North West,2020-02-18,3,0,6,1,3,1
North West,2020-02-19,3,0,7,2,4,1
North West,2020-02-20,4,0,8,1,4,1
North West,2020-02-21,5,0,10,3,6,1
North West,2020-02-22,7,1,12,4,8,1
North West,2020-02-23,8,2,15,3,8,1
North West,2020-02-24,10,3,18,5,11,1
North West,2020-02-25,12,5,21,7,13,1
North West,2020-02-26,14,6,24,9,16,1
North West,2020-02-27,17,6,28,10,18,1
North West,2020-02-28,20,8,33,11,21,1
North West,2020-02-29,24,10,38,15,26,1
North West,2020-03-01,28,12,44,20,32,1
North West,2020-03-02,34,18,53,20,35,1
North West,2020-03-03,40,21,62,26,43,1
North West,2020-03-04,47.5,26,71,35,53,1
North West,2020-03-05,56.5,32,84,40,60,1
North West,2020-03-06,67,38,95,51,73,1
North West,2020-03-07,78,46,110,61,86,1
North West,2020-03-08,91,57,127,76,105,1
North West,2020-03-09,107,68,146,87,117,1
North West,2020-03-10,123,84,172,101,136,1
North West,2020-03-11,141,94,188,112,151,1
North West,2020-03-12,163,109,210,137,178,1
North West,2020-03-13,185,137,242,147,191,1
North West,2020-03-14,211.5,158,270,182,229,1
North West,2020-03-15,240,186,306,213,264,1
North West,2020-03-16,269,207,333,232,283,1
North West,2020-03-17,303,238,368,263,318,1
North West,2020-03-18,337.5,266,401,311,365,1
North West,2020-03-19,375,300,436,351,404,1
North West,2020-03-20,410,348,479,379,431,1
North West,2020-03-21,445,377,508,408,462,1
North West,2020-03-22,479,423,556,454,502,1
North West,2020-03-23,515,453,583,497,547,1
North West,2020-03-24,545,480,609,517,565,1
North West,2020-03-25,575,514,637,540,589,1
North West,2020-03-26,603,545,664,580,625,1
North West,2020-03-27,627,575,684,605,650,1
North West,2020-03-28,646,588,696,621,664,1
North West,2020-03-29,658,602,703,629,672,1
North West,2020-03-30,664,618,712,640,680,1
North West,2020-03-31,670,620,711,655,693,1
North West,2020-04-01,671,620,716,648,686,1
North West,2020-04-02,667,618,712,645,683,1
North West,2020-04-03,664,614,709,644,683,1
North West,2020-04-04,653,606,699,636,672,1
North West,2020-04-05,644,600,692,625,664,1
North West,2020-04-06,637,591,684,618,657,1
North West,2020-04-07,634,585,684,612,651,1
North West,2020-04-08,637,586,685,611,652,1
North West,2020-04-09,646.5,591,691,623,663,1
North West,2020-04-10,654,604,705,638,675,1
North West,2020-04-11,662,610,707,642,682,1
North West,2020-04-12,665,615,711,648,686,1
North West,2020-04-13,662,611,704,641,678,1
North West,2020-04-14,661,608,704,643,679,1
North West,2020-04-15,654,602,697,630,668,1
North West,2020-04-16,647,597,693,620,659,1
North West,2020-04-17,639,595,687,614,652,1
North West,2020-04-18,627,581,667,616,652,1
North West,2020-04-19,612,558,651,586,621,1
North West,2020-04-20,594,550,635,574,610,1
North West,2020-04-21,579,531,617,559,593,1
North West,2020-04-22,568,517,602,545,577,1
North West,2020-04-23,556,513,598,536,571,1
North West,2020-04-24,548,503,587,529,562,1
North West,2020-04-25,535,488,576,511,544,1
North West,2020-04-26,516,473,552,497,530,1
North West,2020-04-27,493,450,530,480,511,1
North West,2020-04-28,472,430,509,453,482,1
North West,2020-04-29,459,420,491,443,472,1
North West,2020-04-30,453,414,486,432,463,1
North West,2020-05-01,443,409,481,422,452,1
North West,2020-05-02,438,405,475,420,450,1
North West,2020-05-03,430,392,465,415,445,1
North West,2020-05-04,421.5,384,453,403,432,1
North West,2020-05-05,413,378,450,398,426,1
North West,2020-05-06,408,376,443,393,421,1
North West,2020-05-07,405,368,437,394,422,1
North West,2020-05-08,399,360,432,384,414,1
North West,2020-05-09,390,357,428,370,398,1
North West,2020-05-10,381,341,412,361,390,1
North West,2020-05-11,368,333,400,354,380,1
North West,2020-05-12,361,324,391,341,369,1
North West,2020-05-13,351,316,385,334,361,1
North West,2020-05-14,343,305,372,328,354,1
North West,2020-05-15,331,298,364,316,343,1
North West,2020-05-16,315,281,349,301,327,1
North West,2020-05-17,297,264,328,285,310,1
North West,2020-05-18,282,250,309,269,294,1
North West,2020-05-19,267,235,293,253,277,1
North West,2020-05-20,257,229,286,243,266,1
North West,2020-05-21,250,225,278,239,260,1
North West,2020-05-22,243,215,270,226,248,1
North West,2020-05-23,238,209,261,226,247,1
North West,2020-05-24,229,200,253,215,237,1
North West,2020-05-25,221,196,246,207,227,1
North West,2020-05-26,213,188,239,202,222,1
North West,2020-05-27,205,178,227,194,213,1
North West,2020-05-28,197,171,219,185,204,1
North West,2020-05-29,189,163,210,175,194,1
North West,2020-05-30,181,160,202,170,187,1
North West,2020-05-31,174,152,195,162,180,1
North West,2020-06-01,168,145,188,156,174,1
North West,2020-06-02,164,141,184,150,168,1
North West,2020-06-03,160,139,179,149,164,1
North West,2020-06-04,160,139,182,147,165,1
North West,2020-06-05,158.5,136,178,147,164,1
North West,2020-06-06,156,138,179,147,163,1
North West,2020-06-07,153,131,171,145,160,1
North West,2020-06-08,150,128,170,137,155,1
North West,2020-06-09,146,125,165,134,150,1
North West,2020-06-10,142.5,123,164,133,149,1
North West,2020-06-11,141,121,162,130,146,1
North West,2020-06-12,137,115,155,130,145,0.99
North West,2020-06-13,132,112,150,124,140,0.99
North West,2020-06-14,126,107,146,117,132,0.99
North West,2020-06-15,121,101,139,111,126,0.99
North West,2020-06-16,115,96,130,108,122,0.98
North West,2020-06-17,111,93,127,101,115,0.98
North West,2020-06-18,107,91,125,96,110,0.97
North West,2020-06-19,103,86,121,95,108,0.96
North West,2020-06-20,98,81,113,92,105,0.95
North West,2020-06-21,94,77,109,84,97,0.93
North West,2020-06-22,89,72,104,79,92,0.91
North West,2020-06-23,83,65,98,76,88,0.89
North West,2020-06-24,78,62,94,68,81,0.86
North West,2020-06-25,73,58,89,65,77,0.82
Northern Ireland,2020-01-24,1,1,1,1,1,1
Northern Ireland,2020-01-25,0,0,0,0,0,1
Northern Ireland,2020-01-26,0,0,0,0,0,1
Northern Ireland,2020-01-27,0,0,0,0,0,1
Northern Ireland,2020-01-28,0,0,0,0,0,1
Northern Ireland,2020-01-29,0,0,0,0,0,1
Northern Ireland,2020-01-30,1,0,1,1,1,1
Northern Ireland,2020-01-31,0,0,0,0,0,1
Northern Ireland,2020-02-01,1,0,1,1,1,1
Northern Ireland,2020-02-02,0,0,1,0,0,1
Northern Ireland,2020-02-03,1,0,1,1,1,1
Northern Ireland,2020-02-04,0,0,1,0,0,1
Northern Ireland,2020-02-05,0,0,1,0,0,1
Northern Ireland,2020-02-06,0,0,1,0,0,1
Northern Ireland,2020-02-07,0,0,1,0,0,1
Northern Ireland,2020-02-08,0,0,1,0,0,1
Northern Ireland,2020-02-09,0,0,1,0,0,1
Northern Ireland,2020-02-10,0,0,1,0,0,1
Northern Ireland,2020-02-11,0,0,1,0,0,1
Northern Ireland,2020-02-12,0,0,1,0,0,1
Northern Ireland,2020-02-13,0,0,1,0,0,1
Northern Ireland,2020-02-14,0,0,1,0,0,1
Northern Ireland,2020-02-15,0,0,1,0,0,1
Northern Ireland,2020-02-16,0,0,1,0,0,1
Northern Ireland,2020-02-17,0,0,2,0,0,1
Northern Ireland,2020-02-18,0,0,2,0,0,1
Northern Ireland,2020-02-19,1,0,2,0,1,1
Northern Ireland,2020-02-20,1,0,2,0,1,1
Northern Ireland,2020-02-21,1,0,3,0,1,1
Northern Ireland,2020-02-22,1,0,3,0,1,1
Northern Ireland,2020-02-23,1,0,4,0,1,1
Northern Ireland,2020-02-24,2,0,4,1,2,1
Northern Ireland,2020-02-25,2,0,5,0,2,1
Northern Ireland,2020-02-26,3,0,6,1,3,1
Northern Ireland,2020-02-27,3,1,7,2,4,1
Northern Ireland,2020-02-28,4,1,8,1,4,1
Northern Ireland,2020-02-29,5,1,10,3,6,1
Northern Ireland,2020-03-01,6,2,11,3,7,1
Northern Ireland,2020-03-02,8,3,13,4,8,1
Northern Ireland,2020-03-03,9,4,15,6,10,1
Northern Ireland,2020-03-04,12,4,18,7,12,1
Northern Ireland,2020-03-05,13,6,20,8,14,1
Northern Ireland,2020-03-06,15,6,22,10,16,1
Northern Ireland,2020-03-07,17,8,25,11,18,1
Northern Ireland,2020-03-08,20,11,29,14,21,1
Northern Ireland,2020-03-09,23,12,32,16,24,1
Northern Ireland,2020-03-10,26,15,36,20,28,1
Northern Ireland,2020-03-11,30,17,40,23,32,1
Northern Ireland,2020-03-12,34,22,46,30,39,1
Northern Ireland,2020-03-13,39,25,51,33,43,1
Northern Ireland,2020-03-14,45,31,58,37,48,1
Northern Ireland,2020-03-15,51,35,64,43,54,1
Northern Ireland,2020-03-16,57,42,70,50,61,1
Northern Ireland,2020-03-17,62,46,75,55,67,1
Northern Ireland,2020-03-18,68,53,83,62,73,1
Northern Ireland,2020-03-19,74,60,89,67,79,1
Northern Ireland,2020-03-20,79,65,95,72,83,1
Northern Ireland,2020-03-21,84,68,99,78,90,1
Northern Ireland,2020-03-22,88,71,102,79,92,1
Northern Ireland,2020-03-23,91,75,105,84,96,1
Northern Ireland,2020-03-24,93,80,109,86,98,1
Northern Ireland,2020-03-25,96,79,110,86,99,1
Northern Ireland,2020-03-26,97,80,110,90,102,1
Northern Ireland,2020-03-27,98,81,113,91,103,1
Northern Ireland,2020-03-28,99,82,113,91,103,1
Northern Ireland,2020-03-29,99,81,113,92,104,1
Northern Ireland,2020-03-30,99,83,114,89,102,1
Northern Ireland,2020-03-31,99,82,114,88,101,1
Northern Ireland,2020-04-01,100,83,114,95,107,1
Northern Ireland,2020-04-02,100,83,114,91,104,1
Northern Ireland,2020-04-03,101,83,115,96,108,1
Northern Ireland,2020-04-04,101,84,115,93,106,1
Northern Ireland,2020-04-05,101,85,115,93,105,1
Northern Ireland,2020-04-06,101,83,115,95,107,1
Northern Ireland,2020-04-07,102,84,116,94,106,1
Northern Ireland,2020-04-08,102,86,117,92,105,1
Northern Ireland,2020-04-09,101,85,117,92,105,1
Northern Ireland,2020-04-10,100,83,116,89,103,1
Northern Ireland,2020-04-11,97,80,113,87,101,1
Northern Ireland,2020-04-12,93,77,110,84,97,1
Northern Ireland,2020-04-13,89,74,104,79,92,1
Northern Ireland,2020-04-14,85,69,99,76,88,1
Northern Ireland,2020-04-15,81,66,95,72,84,1
Northern Ireland,2020-04-16,78,63,91,72,83,1
Northern Ireland,2020-04-17,75,59,87,67,78,1
Northern Ireland,2020-04-18,71,56,84,66,78,1
Northern Ireland,2020-04-19,68,55,82,62,72,1
Northern Ireland,2020-04-20,66,52,78,62,72,1
Northern Ireland,2020-04-21,64,52,76,57,67,1
Northern Ireland,2020-04-22,63,48,74,55,65,1
Northern Ireland,2020-04-23,61,49,74,56,66,1
Northern Ireland,2020-04-24,60,46,71,54,64,1
Northern Ireland,2020-04-25,57,43,69,50,61,1
Northern Ireland,2020-04-26,54,41,65,46,56,1
Northern Ireland,2020-04-27,51,37,62,46,55,1
Northern Ireland,2020-04-28,49,38,61,42,51,1
Northern Ireland,2020-04-29,46,35,56,41,49,1
Northern Ireland,2020-04-30,45,34,55,40,48,1
Northern Ireland,2020-05-01,43,32,53,37,45,1
Northern Ireland,2020-05-02,43,31,52,39,47,1
Northern Ireland,2020-05-03,41,31,51,36,44,1
Northern Ireland,2020-05-04,40,29,49,34,42,1
Northern Ireland,2020-05-05,38,27,47,32,40,1
Northern Ireland,2020-05-06,37,25,45,30,38,1
Northern Ireland,2020-05-07,34.5,25,44,30,37,1
Northern Ireland,2020-05-08,33,23,42,29,36,1
Northern Ireland,2020-05-09,30,21,39,26,33,1
Northern Ireland,2020-05-10,29,18,36,24,31,1
Northern Ireland,2020-05-11,27,18,35,21,28,1
Northern Ireland,2020-05-12,26,18,34,22,28,1
Northern Ireland,2020-05-13,24,16,32,21,27,1
Northern Ireland,2020-05-14,23,14,30,19,25,1
Northern Ireland,2020-05-15,21,13,28,17,23,1
Northern Ireland,2020-05-16,19,12,26,14,20,1
Northern Ireland,2020-05-17,17,10,23,14,19,1
Northern Ireland,2020-05-18,16,9,22,12,17,1
Northern Ireland,2020-05-19,14,8,19,10,15,1
Northern Ireland,2020-05-20,13,6,18,8,13,1
Northern Ireland,2020-05-21,12,6,17,9,13,1
Northern Ireland,2020-05-22,11,6,16,7,11,1
Northern Ireland,2020-05-23,10,4,14,7,11,1
Northern Ireland,2020-05-24,10,5,14,7,10,1
Northern Ireland,2020-05-25,9,4,13,6,9,1
Northern Ireland,2020-05-26,9,4,13,7,10,1
Northern Ireland,2020-05-27,8,3,12,6,9,1
Northern Ireland,2020-05-28,8,4,12,6,9,1
Northern Ireland,2020-05-29,8,2,11,5,8,1
Northern Ireland,2020-05-30,7,3,11,4,7,1
Northern Ireland,2020-05-31,7,3,11,4,7,1
Northern Ireland,2020-06-01,7,2,10,4,7,1
Northern Ireland,2020-06-02,7,2,10,4,7,1
Northern Ireland,2020-06-03,7,2,10,4,7,1
Northern Ireland,2020-06-04,6,3,10,3,6,0.99
Northern Ireland,2020-06-05,6,1,9,3,6,0.99
Northern Ireland,2020-06-06,5,1,8,2,5,0.99
Northern Ireland,2020-06-07,4,2,8,3,5,0.99
Northern Ireland,2020-06-08,4,1,7,2,4,0.98
Northern Ireland,2020-06-09,4,0,6,2,4,0.98
Northern Ireland,2020-06-10,3,1,6,1,3,0.97
Northern Ireland,2020-06-11,3,1,6,1,3,0.97
Northern Ireland,2020-06-12,3,1,6,1,3,0.96
Northern Ireland,2020-06-13,3,0,5,1,3,0.94
Northern Ireland,2020-06-14,3,0,5,1,3,0.93
Northern Ireland,2020-06-15,3,0,6,1,3,0.91
Northern Ireland,2020-06-16,3,0,6,1,3,0.88
Northern Ireland,2020-06-17,4,0,7,2,4,0.85
Northern Ireland,2020-06-18,4,0,8,2,4,0.8
Northern Ireland,2020-06-19,4,0,9,1,4,0.74
Northern Ireland,2020-06-20,5,0,10,2,5,0.67
Scotland,2020-01-25,1,1,1,1,1,1
Scotland,2020-01-26,0.5,0,1,0,1,1
Scotland,2020-01-27,0,0,0,0,0,1
Scotland,2020-01-28,0,0,1,0,0,1
Scotland,2020-01-29,0,0,1,0,0,1
Scotland,2020-01-30,0,0,1,0,0,1
Scotland,2020-01-31,1,0,1,1,1,1
Scotland,2020-02-01,1,0,1,0,1,1
Scotland,2020-02-02,1,0,1,1,1,1
Scotland,2020-02-03,0,0,1,0,0,1
Scotland,2020-02-04,0,0,1,0,0,1
Scotland,2020-02-05,0,0,1,0,0,1
Scotland,2020-02-06,0,0,1,0,0,1
Scotland,2020-02-07,0,0,1,0,0,1
Scotland,2020-02-08,0,0,1,0,0,1
Scotland,2020-02-09,0,0,1,0,0,1
Scotland,2020-02-10,0,0,1,0,0,1
Scotland,2020-02-11,0,0,1,0,0,1
Scotland,2020-02-12,0,0,1,0,0,1
Scotland,2020-02-13,0,0,1,0,0,1
Scotland,2020-02-14,0,0,1,0,0,1
Scotland,2020-02-15,1,0,2,0,1,1
Scotland,2020-02-16,1,0,2,0,1,1
Scotland,2020-02-17,1,0,2,0,1,1
Scotland,2020-02-18,1,0,3,0,1,1
Scotland,2020-02-19,1,0,3,0,1,1
Scotland,2020-02-20,1,0,4,0,1,1
Scotland,2020-02-21,2,0,5,0,2,1
Scotland,2020-02-22,2,0,6,0,2,1
Scotland,2020-02-23,3,0,7,1,3,1
Scotland,2020-02-24,4,0,8,1,4,1
Scotland,2020-02-25,5,1,10,3,6,1
Scotland,2020-02-26,6,1,12,3,7,1
Scotland,2020-02-27,8,1,14,3,8,1
Scotland,2020-02-28,10,2,17,4,10,1
Scotland,2020-02-29,12,5,21,8,14,1
Scotland,2020-03-01,14,5,24,9,16,1
Scotland,2020-03-02,18.5,7,29,12,20,1
Scotland,2020-03-03,22,9,33,17,26,1
Scotland,2020-03-04,27,13,40,19,29,1
Scotland,2020-03-05,32,17,45,25,35,1
Scotland,2020-03-06,37,20,51,28,40,1
Scotland,2020-03-07,42,25,58,32,46,1
Scotland,2020-03-08,48,30,67,39,53,1
Scotland,2020-03-09,56,36,76,44,60,1
Scotland,2020-03-10,62,39,84,53,71,1
Scotland,2020-03-11,70,45,93,55,75,1
Scotland,2020-03-12,78,54,107,61,83,1
Scotland,2020-03-13,89,61,120,75,97,1
Scotland,2020-03-14,101,69,130,82,106,1
Scotland,2020-03-15,115,85,149,102,127,1
Scotland,2020-03-16,131,97,167,114,141,1
Scotland,2020-03-17,147,109,181,129,157,1
Scotland,2020-03-18,164,129,199,145,174,1
Scotland,2020-03-19,182,142,220,164,194,1
Scotland,2020-03-20,201,164,236,183,212,1
Scotland,2020-03-21,220,183,254,201,231,1
Scotland,2020-03-22,235,201,271,217,244,1
Scotland,2020-03-23,252,215,286,237,264,1
Scotland,2020-03-24,266.5,232,302,249,278,1
Scotland,2020-03-25,279,247,311,262,288,1
Scotland,2020-03-26,290,262,325,275,301,1
Scotland,2020-03-27,300,271,333,282,307,1
Scotland,2020-03-28,306,273,335,295,321,1
Scotland,2020-03-29,307,271,334,295,318,1
Scotland,2020-03-30,307,277,333,295,318,1
Scotland,2020-03-31,307,276,332,291,315,1
Scotland,2020-04-01,302,272,332,283,308,1
Scotland,2020-04-02,301,268,329,289,313,1
Scotland,2020-04-03,301,269,329,290,314,1
Scotland,2020-04-04,300,273,333,285,309,1
Scotland,2020-04-05,299,265,328,286,311,1
Scotland,2020-04-06,299,264,325,286,310,1
Scotland,2020-04-07,298,268,327,288,312,1
Scotland,2020-04-08,297,265,325,285,309,1
Scotland,2020-04-09,297.5,264,326,285,309,1
Scotland,2020-04-10,299,267,326,286,309,1
Scotland,2020-04-11,300,271,331,288,311,1
Scotland,2020-04-12,299,271,327,287,311,1
Scotland,2020-04-13,296,266,324,280,304,1
Scotland,2020-04-14,289,261,316,275,298,1
Scotland,2020-04-15,282,256,310,266,288,1
Scotland,2020-04-16,276,245,301,264,287,1
Scotland,2020-04-17,270,239,295,255,278,1
Scotland,2020-04-18,263,236,291,252,275,1
Scotland,2020-04-19,258,231,285,243,265,1
Scotland,2020-04-20,250,222,275,231,254,1
Scotland,2020-04-21,242,214,268,232,254,1
Scotland,2020-04-22,234,206,258,223,243,1
Scotland,2020-04-23,225,199,251,216,236,1
Scotland,2020-04-24,219,193,242,204,224,1
Scotland,2020-04-25,215,187,238,202,222,1
Scotland,2020-04-26,208,179,229,198,217,1
Scotland,2020-04-27,198,174,222,188,207,1
Scotland,2020-04-28,187,163,210,174,193,1
Scotland,2020-04-29,178,156,200,167,185,1
Scotland,2020-04-30,171,150,195,163,181,1
Scotland,2020-05-01,164,143,187,152,170,1
Scotland,2020-05-02,159,138,182,147,164,1
Scotland,2020-05-03,153,131,174,138,157,1
Scotland,2020-05-04,144,123,164,132,149,1
Scotland,2020-05-05,135,115,155,122,140,1
Scotland,2020-05-06,127,106,145,117,133,1
Scotland,2020-05-07,121,102,141,111,126,1
Scotland,2020-05-08,114,97,134,107,121,1
Scotland,2020-05-09,108,89,126,98,113,1
Scotland,2020-05-10,100,78,116,90,105,1
Scotland,2020-05-11,91,72,107,81,96,1
Scotland,2020-05-12,83,65,98,75,87,1
Scotland,2020-05-13,75,59,89,67,79,1
Scotland,2020-05-14,69,54,81,61,72,1
Scotland,2020-05-15,64,49,76,56,67,1
Scotland,2020-05-16,60,47,73,53,63,1
Scotland,2020-05-17,57,43,68,48,59,1
Scotland,2020-05-18,52,38,63,45,55,1
Scotland,2020-05-19,47,34,58,40,50,1
Scotland,2020-05-20,43,31,53,38,47,1
Scotland,2020-05-21,39,28,49,33,41,1
Scotland,2020-05-22,36,26,45,30,38,1
Scotland,2020-05-23,34,24,43,30,37,1
Scotland,2020-05-24,33,23,41,28,35,1
Scotland,2020-05-25,31,21,39,27,34,1
Scotland,2020-05-26,29,20,37,23,30,1
Scotland,2020-05-27,28,19,36,23,30,1
Scotland,2020-05-28,26,18,34,20,27,1
Scotland,2020-05-29,25,18,34,19,26,1
Scotland,2020-05-30,24,16,31,19,25,1
Scotland,2020-05-31,22,15,30,17,23,1
Scotland,2020-06-01,21,14,28,18,23,1
Scotland,2020-06-02,19,11,25,14,20,1
Scotland,2020-06-03,19,12,25,15,20,1
Scotland,2020-06-04,18,10,24,14,19,1
Scotland,2020-06-05,18,12,25,15,20,1
Scotland,2020-06-06,19,11,24,15,20,1
Scotland,2020-06-07,18,12,25,14,19,1
Scotland,2020-06-08,18,12,25,15,20,1
Scotland,2020-06-09,18,12,26,15,20,1
Scotland,2020-06-10,18,10,24,14,19,1
Scotland,2020-06-11,17,10,23,13,18,0.99
Scotland,2020-06-12,16,9,22,12,17,0.99
Scotland,2020-06-13,16,9,22,11,16,0.99
Scotland,2020-06-14,15,9,21,11,16,0.99
Scotland,2020-06-15,14,7,20,10,15,0.98
Scotland,2020-06-16,14,7,19,9,14,0.98
Scotland,2020-06-17,13,6,18,8,13,0.97
Scotland,2020-06-18,12,5,16,9,13,0.96
Scotland,2020-06-19,11,5,16,8,12,0.95
Scotland,2020-06-20,10,5,15,7,11,0.93
Scotland,2020-06-21,10,4,15,7,11,0.91
Scotland,2020-06-22,10,4,15,7,11,0.89
Scotland,2020-06-23,10,4,15,7,11,0.86
Scotland,2020-06-24,10,4,15,7,11,0.82
South East,2019-12-28,1,1,1,1,1,1
South East,2019-12-29,1,1,1,1,1,1
South East,2019-12-30,0,0,0,0,0,1
South East,2019-12-31,1,0,1,1,1,1
South East,2020-01-01,0,0,1,0,0,1
South East,2020-01-02,0,0,1,0,0,1
South East,2020-01-03,0,0,1,0,0,1
South East,2020-01-04,0,0,1,0,0,1
South East,2020-01-05,0,0,1,0,0,1
South East,2020-01-06,0,0,1,0,0,1
South East,2020-01-07,0,0,1,0,0,1
South East,2020-01-08,0,0,1,0,0,1
South East,2020-01-09,0,0,1,0,0,1
South East,2020-01-10,0,0,1,0,0,1
South East,2020-01-11,0,0,1,0,0,1
South East,2020-01-12,0,0,1,0,0,1
South East,2020-01-13,0,0,1,0,0,1
South East,2020-01-14,0,0,1,0,0,1
South East,2020-01-15,0,0,1,0,0,1
South East,2020-01-16,0,0,1,0,0,1
South East,2020-01-17,0,0,1,0,0,1
South East,2020-01-18,0,0,1,0,0,1
South East,2020-01-19,0,0,1,0,0,1
South East,2020-01-20,0,0,1,0,0,1
South East,2020-01-21,0,0,1,0,0,1
South East,2020-01-22,0,0,1,0,0,1
South East,2020-01-23,0,0,1,0,0,1
South East,2020-01-24,0,0,1,0,0,1
South East,2020-01-25,0,0,1,0,0,1
South East,2020-01-26,0,0,1,0,0,1
South East,2020-01-27,0,0,1,0,0,1
South East,2020-01-28,0,0,2,0,0,1
South East,2020-01-29,1,0,2,0,1,1
South East,2020-01-30,0,0,2,0,0,1
South East,2020-01-31,0,0,2,0,0,1
South East,2020-02-01,0,0,2,0,0,1
South East,2020-02-02,0,0,2,0,0,1
South East,2020-02-03,0,0,2,0,0,1
South East,2020-02-04,0,0,1,0,0,1
South East,2020-02-05,0,0,1,0,0,1
South East,2020-02-06,0,0,1,0,0,1
South East,2020-02-07,0,0,1,0,0,1
South East,2020-02-08,0,0,2,0,0,1
South East,2020-02-09,0,0,2,0,0,1
South East,2020-02-10,0,0,2,0,0,1
South East,2020-02-11,1,0,2,0,1,1
South East,2020-02-12,1,0,3,0,1,1
South East,2020-02-13,1,0,3,0,1,1
South East,2020-02-14,2,0,4,1,2,1
South East,2020-02-15,2,0,5,0,2,1
South East,2020-02-16,3,0,6,1,3,1
South East,2020-02-17,3,0,7,0,3,1
South East,2020-02-18,4,0,9,1,4,1
South East,2020-02-19,5,0,10,1,5,1
South East,2020-02-20,6,1,12,3,7,1
South East,2020-02-21,8,2,15,3,8,1
South East,2020-02-22,10,3,18,4,10,1
South East,2020-02-23,12,3,20,6,13,1
South East,2020-02-24,14,5,24,9,16,1
South East,2020-02-25,18,6,29,11,20,1
South East,2020-02-26,22,9,34,14,24,1
South East,2020-02-27,26,13,40,18,28,1
South East,2020-02-28,31,17,46,20,33,1
South East,2020-02-29,37,19,53,27,40,1
South East,2020-03-01,43,25,62,36,50,1
South East,2020-03-02,51,33,74,43,59,1
South East,2020-03-03,60,37,82,47,65,1
South East,2020-03-04,68,48,96,53,73,1
South East,2020-03-05,79,55,108,63,84,1
South East,2020-03-06,90,63,118,76,98,1
South East,2020-03-07,102,74,134,84,108,1
South East,2020-03-08,114,80,146,95,122,1
South East,2020-03-09,128,89,161,107,136,1
South East,2020-03-10,143,108,187,123,155,1
South East,2020-03-11,159,119,202,143,176,1
South East,2020-03-12,179,136,223,157,191,1
South East,2020-03-13,200,155,244,183,219,1
South East,2020-03-14,222,176,269,195,232,1
South East,2020-03-15,245,197,293,218,257,1
South East,2020-03-16,268,221,317,236,276,1
South East,2020-03-17,292,237,337,267,308,1
South East,2020-03-18,316,266,366,291,331,1
South East,2020-03-19,342,290,390,322,361,1
South East,2020-03-20,365,310,408,344,384,1
South East,2020-03-21,385,337,434,363,405,1
South East,2020-03-22,406,357,456,380,420,1
South East,2020-03-23,427,381,475,413,452,1
South East,2020-03-24,445,396,491,427,466,1
South East,2020-03-25,463.5,412,504,450,486,1
South East,2020-03-26,479,432,520,461,496,1
South East,2020-03-27,494,446,535,473,509,1
South East,2020-03-28,503,459,552,482,519,1
South East,2020-03-29,512,468,556,493,528,1
South East,2020-03-30,517,471,559,498,532,1
South East,2020-03-31,521,470,561,500,535,1
South East,2020-04-01,528,480,570,507,543,1
South East,2020-04-02,534,488,576,513,547,1
South East,2020-04-03,538,492,577,523,556,1
South East,2020-04-04,538,498,583,518,554,1
South East,2020-04-05,539.5,492,580,519,553,1
South East,2020-04-06,539,497,585,516,552,1
South East,2020-04-07,544,492,585,526,563,1
South East,2020-04-08,548,498,589,533,570,1
South East,2020-04-09,557,515,600,538,572,1
South East,2020-04-10,561,515,602,545,579,1
South East,2020-04-11,561,517,601,543,576,1
South East,2020-04-12,560,513,597,544,578,1
South East,2020-04-13,555,516,600,532,567,1
South East,2020-04-14,548,507,593,528,560,1
South East,2020-04-15,546,505,586,530,563,1
South East,2020-04-16,545,499,584,531,562,1
South East,2020-04-17,545,506,593,527,561,1
South East,2020-04-18,542,499,584,523,559,1
South East,2020-04-19,533,491,571,516,549,1
South East,2020-04-20,523,481,561,508,539,1
South East,2020-04-21,507.5,469,547,488,521,1
South East,2020-04-22,495,455,535,477,510,1
South East,2020-04-23,480,442,521,462,496,1
South East,2020-04-24,466,426,504,447,478,1
South East,2020-04-25,449,406,489,433,465,1
South East,2020-04-26,431,393,469,414,445,1
South East,2020-04-27,410,372,447,395,424,1
South East,2020-04-28,390,355,424,371,401,1
South East,2020-04-29,375,341,407,358,385,1
South East,2020-04-30,363,330,395,347,374,1
South East,2020-05-01,353,320,382,335,363,1
South East,2020-05-02,343,312,375,323,350,1
South East,2020-05-03,332,300,366,319,345,1
South East,2020-05-04,323,292,353,310,334,1
South East,2020-05-05,313,282,343,302,326,1
South East,2020-05-06,306,272,335,294,319,1
South East,2020-05-07,299,265,327,279,305,1
South East,2020-05-08,288,259,320,273,299,1
South East,2020-05-09,276,245,305,263,286,1
South East,2020-05-10,261,234,291,245,269,1
South East,2020-05-11,249,222,278,231,254,1
South East,2020-05-12,239,211,265,223,245,1
South East,2020-05-13,232,208,261,220,240,1
South East,2020-05-14,227,194,251,214,238,1
South East,2020-05-15,215,185,240,203,224,1
South East,2020-05-16,202,173,225,193,213,1
South East,2020-05-17,188,164,212,175,195,1
South East,2020-05-18,175,152,196,168,186,1
South East,2020-05-19,164,144,187,158,175,1
South East,2020-05-20,157,135,177,146,163,1
South East,2020-05-21,155,131,173,142,159,1
South East,2020-05-22,151,129,171,141,157,1
South East,2020-05-23,148,125,167,138,154,1
South East,2020-05-24,144,123,162,133,149,1
South East,2020-05-25,137,119,158,126,142,1
South East,2020-05-26,132,111,151,126,141,1
South East,2020-05-27,127,109,147,118,133,1
South East,2020-05-28,122,101,140,113,127,1
South East,2020-05-29,116,97,134,105,120,1
South East,2020-05-30,109,91,127,100,114,1
South East,2020-05-31,102,86,119,93,107,1
South East,2020-06-01,96,80,111,86,99,1
South East,2020-06-02,91,74,105,83,96,1
South East,2020-06-03,88,70,101,82,94,1
South East,2020-06-04,85,71,99,82,94,1
South East,2020-06-05,83,66,96,76,88,1
South East,2020-06-06,80,65,94,71,83,1
South East,2020-06-07,78,63,92,69,81,1
South East,2020-06-08,75,61,89,65,77,1
South East,2020-06-09,73,58,86,67,78,1
South East,2020-06-10,69,56,83,63,73,1
South East,2020-06-11,69,52,80,61,72,1
South East,2020-06-12,67,52,80,60,71,0.99
South East,2020-06-13,64,50,76,59,69,0.99
South East,2020-06-14,61,48,75,53,64,0.99
South East,2020-06-15,60,45,71,50,61,0.99
South East,2020-06-16,57,43,68,49,59,0.98
South East,2020-06-17,55,43,68,47,57,0.98
South East,2020-06-18,52,39,64,46,56,0.97
South East,2020-06-19,51,40,63,45,54,0.96
South East,2020-06-20,49,36,59,43,52,0.95
South East,2020-06-21,47,36,58,40,49,0.93
South East,2020-06-22,45,32,56,39,48,0.91
South East,2020-06-23,43,33,54,36,45,0.89
South East,2020-06-24,40,29,51,35,43,0.86
South East,2020-06-25,38,26,48,31,40,0.82
South West,2019-12-27,1,1,1,1,1,1
South West,2019-12-28,0,0,0,0,0,1
South West,2019-12-29,0,0,0,0,0,1
South West,2019-12-30,0,0,1,0,0,1
South West,2019-12-31,0,0,0,0,0,1
South West,2020-01-01,0.5,0,1,0,1,1
South West,2020-01-02,0,0,0,0,0,1
South West,2020-01-03,0,0,1,0,0,1
South West,2020-01-04,0.5,0,1,0,1,1
South West,2020-01-05,0,0,1,0,0,1
South West,2020-01-06,0,0,1,0,0,1
South West,2020-01-07,0,0,1,0,0,1
South West,2020-01-08,0,0,1,0,0,1
South West,2020-01-09,0,0,0,0,0,1
South West,2020-01-10,0,0,1,0,0,1
South West,2020-01-11,0,0,1,0,0,1
South West,2020-01-12,0,0,1,0,0,1
South West,2020-01-13,0,0,1,0,0,1
South West,2020-01-14,0,0,1,0,0,1
South West,2020-01-15,0,0,1,0,0,1
South West,2020-01-16,0,0,1,0,0,1
South West,2020-01-17,0,0,1,0,0,1
South West,2020-01-18,0,0,1,0,0,1
South West,2020-01-19,0,0,1,0,0,1
South West,2020-01-20,0,0,1,0,0,1
South West,2020-01-21,0,0,1,0,0,1
South West,2020-01-22,0,0,1,0,0,1
South West,2020-01-23,0,0,1,0,0,1
South West,2020-01-24,0,0,1,0,0,1
South West,2020-01-25,0,0,1,0,0,1
South West,2020-01-26,0,0,1,0,0,1
South West,2020-01-27,0,0,1,0,0,1
South West,2020-01-28,0,0,1,0,0,1
South West,2020-01-29,0,0,1,0,0,1
South West,2020-01-30,0,0,1,0,0,1
South West,2020-01-31,0,0,1,0,0,1
South West,2020-02-01,0,0,1,0,0,1
South West,2020-02-02,0,0,0,0,0,1
South West,2020-02-03,0,0,0,0,0,1
South West,2020-02-04,0,0,1,0,0,1
South West,2020-02-05,0,0,1,0,0,1
South West,2020-02-06,0,0,1,0,0,1
South West,2020-02-07,0,0,1,0,0,1
South West,2020-02-08,0,0,1,0,0,1
South West,2020-02-09,0,0,1,0,0,1
South West,2020-02-10,0,0,1,0,0,1
South West,2020-02-11,0,0,2,0,0,1
South West,2020-02-12,0,0,2,0,0,1
South West,2020-02-13,1,0,2,0,1,1
South West,2020-02-14,1,0,2,0,1,1
South West,2020-02-15,1,0,3,0,1,1
South West,2020-02-16,1,0,3,0,1,1
South West,2020-02-17,2,0,4,1,2,1
South West,2020-02-18,2,0,5,0,2,1
South West,2020-02-19,2,0,5,0,2,1
South West,2020-02-20,3,0,6,1,3,1
South West,2020-02-21,4,0,7,1,4,1
South West,2020-02-22,5,0,8,2,5,1
South West,2020-02-23,6,1,10,3,6,1
South West,2020-02-24,7,2,11,4,7,1
South West,2020-02-25,8,3,13,4,8,1
South West,2020-02-26,9,3,14,6,10,1
South West,2020-02-27,10,3,15,7,11,1
South West,2020-02-28,11,4,17,7,12,1
South West,2020-02-29,13,5,19,9,14,1
South West,2020-03-01,14,7,21,9,15,1
South West,2020-03-02,17,7,24,13,19,1
South West,2020-03-03,19,10,28,13,20,1
South West,2020-03-04,21,11,30,14,22,1
South West,2020-03-05,24,13,34,19,27,1
South West,2020-03-06,28,17,39,20,29,1
South West,2020-03-07,32,18,42,24,34,1
South West,2020-03-08,35,22,48,31,41,1
South West,2020-03-09,39,25,53,33,44,1
South West,2020-03-10,44,28,59,37,49,1
South West,2020-03-11,49,32,64,40,53,1
South West,2020-03-12,56,35,72,46,60,1
South West,2020-03-13,62,42,81,53,68,1
South West,2020-03-14,69,50,88,58,74,1
South West,2020-03-15,78,56,98,68,84,1
South West,2020-03-16,86,61,105,75,93,1
South West,2020-03-17,96,72,118,86,104,1
South West,2020-03-18,104,82,127,90,109,1
South West,2020-03-19,115,89,136,105,123,1
South West,2020-03-20,124,102,148,109,128,1
South West,2020-03-21,132.5,108,154,117,137,1
South West,2020-03-22,141,117,164,133,153,1
South West,2020-03-23,148,123,172,136,155,1
South West,2020-03-24,157,133,180,147,166,1
South West,2020-03-25,162,137,185,152,171,1
South West,2020-03-26,169,145,194,156,176,1
South West,2020-03-27,176,150,200,164,184,1
South West,2020-03-28,180,153,202,173,192,1
South West,2020-03-29,185,161,209,173,192,1
South West,2020-03-30,189,164,212,178,197,1
South West,2020-03-31,192,168,217,180,199,1
South West,2020-04-01,195,166,217,186,205,1
South West,2020-04-02,200,174,222,187,206,1
South West,2020-04-03,201,175,225,190,209,1
South West,2020-04-04,204,179,228,192,212,1
South West,2020-04-05,203,177,226,192,211,1
South West,2020-04-06,203,178,230,191,211,1
South West,2020-04-07,204,178,231,190,211,1
South West,2020-04-08,205,179,230,189,210,1
South West,2020-04-09,209,180,233,202,222,1
South West,2020-04-10,212,187,240,197,219,1
South West,2020-04-11,215,190,240,201,222,1
South West,2020-04-12,219,193,245,207,227,1
South West,2020-04-13,222,191,247,205,227,1
South West,2020-04-14,225,200,252,213,234,1
South West,2020-04-15,227,200,252,214,235,1
South West,2020-04-16,231,204,256,216,237,1
South West,2020-04-17,234,207,258,222,244,1
South West,2020-04-18,235,209,261,220,241,1
South West,2020-04-19,235,208,260,222,243,1
South West,2020-04-20,233,204,257,221,242,1
South West,2020-04-21,227,200,252,212,234,1
South West,2020-04-22,224,198,250,209,229,1
South West,2020-04-23,218,187,241,207,227,1
South West,2020-04-24,209,182,234,198,218,1
South West,2020-04-25,199,174,224,187,207,1
South West,2020-04-26,189,162,211,179,198,1
South West,2020-04-27,178,155,201,164,183,1
South West,2020-04-28,167,148,191,153,171,1
South West,2020-04-29,160,135,179,148,166,1
South West,2020-04-30,154,132,173,143,159,1
South West,2020-05-01,150,128,168,139,155,1
South West,2020-05-02,145,124,164,139,155,1
South West,2020-05-03,140,120,158,128,144,1
South West,2020-05-04,135,114,153,123,139,1
South West,2020-05-05,129,108,147,123,138,1
South West,2020-05-06,125,104,143,118,133,1
South West,2020-05-07,119,97,135,107,122,1
South West,2020-05-08,112,93,129,102,116,1
South West,2020-05-09,104,87,122,94,108,1
South West,2020-05-10,97,80,112,89,102,1
South West,2020-05-11,92,76,107,84,97,1
South West,2020-05-12,87,73,101,80,91,1
South West,2020-05-13,84,70,99,77,89,1
South West,2020-05-14,82,65,95,76,88,1
South West,2020-05-15,79,62,91,69,81,1
South West,2020-05-16,75,60,88,70,81,1
South West,2020-05-17,72,57,84,65,75,1
South West,2020-05-18,68,54,81,61,71,1
South West,2020-05-19,66,51,77,60,70,1
South West,2020-05-20,64,49,76,58,68,1
South West,2020-05-21,62,49,75,56,66,1
South West,2020-05-22,61,46,73,54,64,1
South West,2020-05-23,58.5,44,71,54,64,1
South West,2020-05-24,55,38,65,49,59,1
South West,2020-05-25,51,38,63,43,53,1
South West,2020-05-26,46,33,56,39,48,1
South West,2020-05-27,42,29,51,37,45,1
South West,2020-05-28,39,27,47,32,40,1
South West,2020-05-29,36,24,44,31,39,1
South West,2020-05-30,32,23,41,28,35,1
South West,2020-05-31,29,20,37,23,30,1
South West,2020-06-01,25.5,18,34,20,27,1
South West,2020-06-02,23,15,30,18,24,1
South West,2020-06-03,20,13,27,15,21,1
South West,2020-06-04,18,12,25,15,20,1
South West,2020-06-05,17,11,24,14,19,1
South West,2020-06-06,17,10,23,13,18,1
South West,2020-06-07,16,9,21,12,17,1
South West,2020-06-08,15,9,21,10,15,1
South West,2020-06-09,14,8,20,10,15,1
South West,2020-06-10,14,8,19,11,15,1
South West,2020-06-11,13,7,19,9,14,1
South West,2020-06-12,13,7,18,11,15,0.99
South West,2020-06-13,13,8,19,10,14,0.99
South West,2020-06-14,13,7,18,10,14,0.99
South West,2020-06-15,12,6,17,9,13,0.99
South West,2020-06-16,12,6,17,7,12,0.98
South West,2020-06-17,12,6,17,8,12,0.98
South West,2020-06-18,11,5,16,8,12,0.97
South West,2020-06-19,11,5,16,8,12,0.96
South West,2020-06-20,11,6,16,7,11,0.95
South West,2020-06-21,10,6,16,7,11,0.93
South West,2020-06-22,10,4,14,7,11,0.91
South West,2020-06-23,10,5,15,7,11,0.89
South West,2020-06-24,9,4,14,6,10,0.86
South West,2020-06-25,9,4,14,6,10,0.82
Wales,2020-01-22,1,1,1,1,1,1
Wales,2020-01-23,0,0,0,0,0,1
Wales,2020-01-24,0,0,0,0,0,1
Wales,2020-01-25,0,0,1,0,0,1
Wales,2020-01-26,0.5,0,1,0,1,1
Wales,2020-01-27,0,0,1,0,0,1
Wales,2020-01-28,0,0,1,0,0,1
Wales,2020-01-29,0.5,0,1,0,1,1
Wales,2020-01-30,0,0,1,0,0,1
Wales,2020-01-31,0,0,1,0,0,1
Wales,2020-02-01,0,0,1,0,0,1
Wales,2020-02-02,0,0,1,0,0,1
Wales,2020-02-03,0,0,1,0,0,1
Wales,2020-02-04,0,0,1,0,0,1
Wales,2020-02-05,0,0,1,0,0,1
Wales,2020-02-06,0,0,1,0,0,1
Wales,2020-02-07,0,0,1,0,0,1
Wales,2020-02-08,0,0,1,0,0,1
Wales,2020-02-09,0,0,1,0,0,1
Wales,2020-02-10,0,0,1,0,0,1
Wales,2020-02-11,0,0,1,0,0,1
Wales,2020-02-12,0,0,1,0,0,1
Wales,2020-02-13,0,0,2,0,0,1
Wales,2020-02-14,1,0,2,0,1,1
Wales,2020-02-15,1,0,2,0,1,1
Wales,2020-02-16,1,0,2,0,1,1
Wales,2020-02-17,1,0,3,0,1,1
Wales,2020-02-18,1,0,3,0,1,1
Wales,2020-02-19,1,0,4,0,1,1
Wales,2020-02-20,2,0,4,0,2,1
Wales,2020-02-21,2,0,5,0,2,1
Wales,2020-02-22,3,0,7,1,3,1
Wales,2020-02-23,4,0,8,1,4,1
Wales,2020-02-24,5,0,9,2,5,1
Wales,2020-02-25,6,1,12,2,6,1
Wales,2020-02-26,7,1,14,3,8,1
Wales,2020-02-27,9,2,17,4,10,1
Wales,2020-02-28,11.5,2,19,7,13,1
Wales,2020-02-29,14,5,24,9,16,1
Wales,2020-03-01,17,5,27,12,20,1
Wales,2020-03-02,21,9,33,15,24,1
Wales,2020-03-03,26,13,39,18,28,1
Wales,2020-03-04,31,17,47,25,36,1
Wales,2020-03-05,37,22,54,29,41,1
Wales,2020-03-06,43,26,60,35,48,1
Wales,2020-03-07,50,30,69,40,55,1
Wales,2020-03-08,57,36,76,48,63,1
Wales,2020-03-09,65,44,89,54,71,1
Wales,2020-03-10,75,49,99,60,80,1
Wales,2020-03-11,85,59,112,69,90,1
Wales,2020-03-12,95,67,123,78,101,1
Wales,2020-03-13,108,81,139,91,115,1
Wales,2020-03-14,123,91,154,106,132,1
Wales,2020-03-15,138,104,167,120,146,1
Wales,2020-03-16,152,117,185,133,160,1
Wales,2020-03-17,168,130,199,153,180,1
Wales,2020-03-18,184,150,218,166,193,1
Wales,2020-03-19,199,161,231,184,211,1
Wales,2020-03-20,217,183,250,201,227,1
Wales,2020-03-21,230,197,264,218,245,1
Wales,2020-03-22,244,209,278,229,256,1
Wales,2020-03-23,256,220,289,240,267,1
Wales,2020-03-24,268,236,302,253,281,1
Wales,2020-03-25,280,246,309,260,287,1
Wales,2020-03-26,290,256,319,276,300,1
Wales,2020-03-27,297,262,323,287,312,1
Wales,2020-03-28,301,268,329,284,310,1
Wales,2020-03-29,303,271,332,291,316,1
Wales,2020-03-30,303,272,333,291,315,1
Wales,2020-03-31,301,269,329,286,310,1
Wales,2020-04-01,300,271,331,282,306,1
Wales,2020-04-02,298,267,326,285,308,1
Wales,2020-04-03,296,266,323,284,308,1
Wales,2020-04-04,290,261,316,274,296,1
Wales,2020-04-05,280,251,309,269,291,1
Wales,2020-04-06,271,242,298,262,283,1
Wales,2020-04-07,264,236,291,250,272,1
Wales,2020-04-08,260,232,288,243,266,1
Wales,2020-04-09,253,226,280,238,259,1
Wales,2020-04-10,249,218,275,237,259,1
Wales,2020-04-11,240,210,266,227,249,1
Wales,2020-04-12,230,204,258,218,240,1
Wales,2020-04-13,218,192,244,205,226,1
Wales,2020-04-14,206,179,228,193,213,1
Wales,2020-04-15,195,170,218,181,201,1
Wales,2020-04-16,186,162,207,175,193,1
Wales,2020-04-17,176,154,200,164,182,1
Wales,2020-04-18,170,146,189,160,176,1
Wales,2020-04-19,161,139,181,150,167,1
Wales,2020-04-20,154,134,174,143,159,1
Wales,2020-04-21,150,129,169,141,157,1
Wales,2020-04-22,146,124,164,139,155,1
Wales,2020-04-23,145,127,167,136,150,1
Wales,2020-04-24,144,123,162,136,151,1
Wales,2020-04-25,143,122,163,131,147,1
Wales,2020-04-26,140,121,160,131,146,1
Wales,2020-04-27,137,118,155,127,142,1
Wales,2020-04-28,136,116,152,126,141,1
Wales,2020-04-29,135,115,152,123,139,1
Wales,2020-04-30,132,116,155,122,137,1
Wales,2020-05-01,132,112,151,120,136,1
Wales,2020-05-02,132,111,150,122,137,1
Wales,2020-05-03,130,113,150,117,133,1
Wales,2020-05-04,130,113,150,119,134,1
Wales,2020-05-05,128,111,148,118,133,1
Wales,2020-05-06,130,108,147,124,138,1
Wales,2020-05-07,130,111,150,121,136,1
Wales,2020-05-08,129,108,146,121,136,1
Wales,2020-05-09,128,110,148,119,134,1
Wales,2020-05-10,125,104,142,117,132,1
Wales,2020-05-11,122,100,138,113,127,1
Wales,2020-05-12,119,100,139,110,125,1
Wales,2020-05-13,114,96,132,104,119,1
Wales,2020-05-14,108,88,124,96,111,1
Wales,2020-05-15,101,84,119,96,110,1
Wales,2020-05-16,94,78,111,84,98,1
Wales,2020-05-17,87,71,103,79,91,1
Wales,2020-05-18,81,64,93,72,84,1
Wales,2020-05-19,75,60,89,70,81,1
Wales,2020-05-20,71,56,84,62,74,1
Wales,2020-05-21,67,54,80,62,72,1
Wales,2020-05-22,64,51,78,58,68,1
Wales,2020-05-23,62,50,75,55,65,1
Wales,2020-05-24,59,46,70,51,61,1
Wales,2020-05-25,55,42,67,49,58,1
Wales,2020-05-26,53,43,65,47,56,1
Wales,2020-05-27,51,38,61,45,54,1
Wales,2020-05-28,50,38,61,43,52,1
Wales,2020-05-29,50,38,60,45,53,1
Wales,2020-05-30,49,38,60,42,51,1
Wales,2020-05-31,49,37,60,42,51,1
Wales,2020-06-01,48,35,59,42,51,1
Wales,2020-06-02,48,35,59,40,50,1
Wales,2020-06-03,49,37,60,43,52,1
Wales,2020-06-04,51,37,60,44,53,1
Wales,2020-06-05,51,38,61,44,53,1
Wales,2020-06-06,51,39,62,46,55,1
Wales,2020-06-07,52,40,63,46,55,1
Wales,2020-06-08,52,38,63,46,56,1
Wales,2020-06-09,53,40,64,45,55,1
Wales,2020-06-10,54,41,65,47,57,1
Wales,2020-06-11,54,42,65,47,57,0.99
Wales,2020-06-12,55,41,66,47,57,0.99
Wales,2020-06-13,56,41,66,51,60,0.99
Wales,2020-06-14,55,43,67,49,59,0.99
Wales,2020-06-15,54,40,65,48,57,0.98
Wales,2020-06-16,53,39,64,48,58,0.98
Wales,2020-06-17,50,40,62,43,52,0.97
Wales,2020-06-18,48,35,59,44,53,0.96
Wales,2020-06-19,46,35,57,40,49,0.95
Wales,2020-06-20,42,30,51,37,45,0.93
Wales,2020-06-21,39,28,49,32,41,0.91
Wales,2020-06-22,35,24,44,29,37,0.89
Wales,2020-06-23,32,21,41,25,33,0.86
Wales,2020-06-24,28,18,37,22,30,0.82
West Midlands,2020-01-13,1,1,1,1,1,1
West Midlands,2020-01-14,1,0,1,1,1,1
West Midlands,2020-01-15,1,0,1,1,1,1
West Midlands,2020-01-16,0,0,1,0,0,1
West Midlands,2020-01-17,0,0,1,0,0,1
West Midlands,2020-01-18,0,0,1,0,0,1
West Midlands,2020-01-19,0,0,1,0,0,1
West Midlands,2020-01-20,0,0,1,0,0,1
West Midlands,2020-01-21,0,0,1,0,0,1
West Midlands,2020-01-22,0,0,1,0,0,1
West Midlands,2020-01-23,0,0,1,0,0,1
West Midlands,2020-01-24,0,0,1,0,0,1
West Midlands,2020-01-25,0,0,1,0,0,1
West Midlands,2020-01-26,0,0,1,0,0,1
West Midlands,2020-01-27,0,0,1,0,0,1
West Midlands,2020-01-28,0,0,1,0,0,1
West Midlands,2020-01-29,0,0,1,0,0,1
West Midlands,2020-01-30,0,0,1,0,0,1
West Midlands,2020-01-31,0,0,1,0,0,1
West Midlands,2020-02-01,0,0,1,0,0,1
West Midlands,2020-02-02,0,0,1,0,0,1
West Midlands,2020-02-03,0,0,1,0,0,1
West Midlands,2020-02-04,0,0,1,0,0,1
West Midlands,2020-02-05,0,0,1,0,0,1
West Midlands,2020-02-06,0,0,1,0,0,1
West Midlands,2020-02-07,0,0,1,0,0,1
West Midlands,2020-02-08,0,0,1,0,0,1
West Midlands,2020-02-09,0,0,1,0,0,1
West Midlands,2020-02-10,0,0,1,0,0,1
West Midlands,2020-02-11,0,0,2,0,0,1
West Midlands,2020-02-12,1,0,2,0,1,1
West Midlands,2020-02-13,1,0,2,0,1,1
West Midlands,2020-02-14,1,0,3,0,1,1
West Midlands,2020-02-15,1,0,3,0,1,1
West Midlands,2020-02-16,1,0,4,0,1,1
West Midlands,2020-02-17,2,0,5,0,2,1
West Midlands,2020-02-18,2,0,6,0,2,1
West Midlands,2020-02-19,3,0,7,1,3,1
West Midlands,2020-02-20,4,0,9,1,4,1
West Midlands,2020-02-21,5,0,10,2,5,1
West Midlands,2020-02-22,6,0,11,2,6,1
West Midlands,2020-02-23,8,1,14,3,8,1
West Midlands,2020-02-24,9,2,17,6,11,1
West Midlands,2020-02-25,12,4,21,6,13,1
West Midlands,2020-02-26,15,5,25,7,15,1
West Midlands,2020-02-27,18,6,29,10,19,1
West Midlands,2020-02-28,22,8,34,14,24,1
West Midlands,2020-02-29,26,12,40,17,28,1
West Midlands,2020-03-01,31,13,46,23,35,1
West Midlands,2020-03-02,37,20,56,28,42,1
West Midlands,2020-03-03,44,25,63,32,48,1
West Midlands,2020-03-04,53,29,73,40,57,1
West Midlands,2020-03-05,62,38,85,51,70,1
West Midlands,2020-03-06,72.5,47,98,60,80,1
West Midlands,2020-03-07,83,58,114,72,93,1
West Midlands,2020-03-08,95,64,126,80,104,1
West Midlands,2020-03-09,109,81,143,92,117,1
West Midlands,2020-03-10,125,91,160,104,133,1
West Midlands,2020-03-11,141,105,177,123,151,1
West Midlands,2020-03-12,158,119,193,138,169,1
West Midlands,2020-03-13,175,135,212,158,188,1
West Midlands,2020-03-14,197,159,240,179,212,1
West Midlands,2020-03-15,215,172,252,195,227,1
West Midlands,2020-03-16,235,192,271,221,253,1
West Midlands,2020-03-17,253,214,293,234,265,1
West Midlands,2020-03-18,274,233,312,258,291,1
West Midlands,2020-03-19,292,249,329,272,303,1
West Midlands,2020-03-20,310,270,344,288,318,1
West Midlands,2020-03-21,323,286,360,307,336,1
West Midlands,2020-03-22,335,292,365,318,346,1
West Midlands,2020-03-23,343,311,379,329,356,1
West Midlands,2020-03-24,351,317,383,332,360,1
West Midlands,2020-03-25,355,322,388,341,368,1
West Midlands,2020-03-26,356,324,389,341,368,1
West Midlands,2020-03-27,357,322,387,343,369,1
West Midlands,2020-03-28,350,317,381,333,359,1
West Midlands,2020-03-29,347,314,382,336,363,1
West Midlands,2020-03-30,342,305,370,325,351,1
West Midlands,2020-03-31,339,306,370,327,353,1
West Midlands,2020-04-01,337,303,371,323,350,1
West Midlands,2020-04-02,339,301,374,317,347,1
West Midlands,2020-04-03,341.5,301,372,327,355,1
West Midlands,2020-04-04,344,304,379,325,355,1
West Midlands,2020-04-05,349,312,387,332,364,1
West Midlands,2020-04-06,356.5,314,393,338,369,1
West Midlands,2020-04-07,364,324,403,346,379,1
West Midlands,2020-04-08,377,335,414,363,396,1
West Midlands,2020-04-09,389.5,349,427,372,403,1
West Midlands,2020-04-10,404,365,441,387,417,1
West Midlands,2020-04-11,413,372,450,394,426,1
West Midlands,2020-04-12,422,382,456,402,433,1
West Midlands,2020-04-13,424,384,459,408,439,1
West Midlands,2020-04-14,420,387,456,406,434,1
West Midlands,2020-04-15,419,380,450,401,431,1
West Midlands,2020-04-16,413,378,449,397,424,1
West Midlands,2020-04-17,405,367,438,391,417,1
West Midlands,2020-04-18,398,358,428,379,407,1
West Midlands,2020-04-19,384,350,421,366,393,1
West Midlands,2020-04-20,373,337,406,362,387,1
West Midlands,2020-04-21,359,318,386,345,371,1
West Midlands,2020-04-22,347,312,378,329,356,1
West Midlands,2020-04-23,337,305,367,323,346,1
West Midlands,2020-04-24,330,296,359,311,337,1
West Midlands,2020-04-25,320,284,348,304,331,1
West Midlands,2020-04-26,308,275,337,291,316,1
West Midlands,2020-04-27,295,266,327,279,302,1
West Midlands,2020-04-28,282,249,310,267,291,1
West Midlands,2020-04-29,269,240,295,258,279,1
West Midlands,2020-04-30,261,231,286,248,270,1
West Midlands,2020-05-01,254,228,281,241,262,1
West Midlands,2020-05-02,249,222,274,234,256,1
West Midlands,2020-05-03,240,212,267,222,245,1
West Midlands,2020-05-04,233,205,255,226,246,1
West Midlands,2020-05-05,226,199,250,215,234,1
West Midlands,2020-05-06,218,194,245,208,227,1
West Midlands,2020-05-07,215,187,238,200,221,1
West Midlands,2020-05-08,211,185,234,200,218,1
West Midlands,2020-05-09,206,184,234,192,211,1
West Midlands,2020-05-10,199,174,222,185,204,1
West Midlands,2020-05-11,192,165,214,178,198,1
West Midlands,2020-05-12,185,163,210,178,195,1
West Midlands,2020-05-13,180,154,199,171,189,1
West Midlands,2020-05-14,174,149,194,162,180,1
West Midlands,2020-05-15,168,145,189,157,176,1
West Midlands,2020-05-16,161,137,179,151,168,1
West Midlands,2020-05-17,153,131,173,143,160,1
West Midlands,2020-05-18,143.5,123,163,131,147,1
West Midlands,2020-05-19,136,117,153,125,140,1
West Midlands,2020-05-20,132,113,151,125,140,1
West Midlands,2020-05-21,126,107,144,116,131,1
West Midlands,2020-05-22,123,103,138,112,126,1
West Midlands,2020-05-23,119,99,135,109,124,1
West Midlands,2020-05-24,114,95,130,104,118,1
West Midlands,2020-05-25,109,93,126,101,114,1
West Midlands,2020-05-26,104,86,119,94,108,1
West Midlands,2020-05-27,101,83,116,94,107,1
West Midlands,2020-05-28,99,83,114,89,102,1
West Midlands,2020-05-29,96,78,110,87,100,1
West Midlands,2020-05-30,93,77,108,87,99,1
West Midlands,2020-05-31,90,74,105,82,94,1
West Midlands,2020-06-01,87,70,99,78,90,1
West Midlands,2020-06-02,84,68,98,76,88,1
West Midlands,2020-06-03,81,66,96,73,85,1
West Midlands,2020-06-04,80,66,94,73,84,1
West Midlands,2020-06-05,79,64,92,71,82,1
West Midlands,2020-06-06,77,61,90,70,81,1
West Midlands,2020-06-07,75,60,88,66,77,1
West Midlands,2020-06-08,73,58,87,66,77,1
West Midlands,2020-06-09,69,54,82,62,73,1
West Midlands,2020-06-10,67,52,79,58,69,1
West Midlands,2020-06-11,64,51,76,56,66,1
West Midlands,2020-06-12,61,47,72,54,64,0.99
West Midlands,2020-06-13,57,44,68,51,60,0.99
West Midlands,2020-06-14,54,39,64,47,57,0.99
West Midlands,2020-06-15,50,40,63,42,52,0.99
West Midlands,2020-06-16,49,38,60,41,50,0.98
West Midlands,2020-06-17,47.5,38,60,42,50,0.98
West Midlands,2020-06-18,47,35,57,40,49,0.97
West Midlands,2020-06-19,46,34,56,40,49,0.96
West Midlands,2020-06-20,45,33,55,41,49,0.95
West Midlands,2020-06-21,43,33,55,36,45,0.93
West Midlands,2020-06-22,42,31,52,35,44,0.91
West Midlands,2020-06-23,40,31,52,34,43,0.89
West Midlands,2020-06-24,38,26,48,34,42,0.86
West Midlands,2020-06-25,37,25,47,32,40,0.82
Yorkshire and The Humber,2019-12-24,1,1,1,1,1,1
Yorkshire and The Humber,2019-12-25,0,0,0,0,0,1
Yorkshire and The Humber,2019-12-26,0,0,0,0,0,1
Yorkshire and The Humber,2019-12-27,0,0,0,0,0,1
Yorkshire and The Humber,2019-12-28,0,0,0,0,0,1
Yorkshire and The Humber,2019-12-29,0,0,1,0,0,1
Yorkshire and The Humber,2019-12-30,0,0,0,0,0,1
Yorkshire and The Humber,2019-12-31,0,0,1,0,0,1
Yorkshire and The Humber,2020-01-01,0,0,0,0,0,1
Yorkshire and The Humber,2020-01-02,0,0,1,0,0,1
Yorkshire and The Humber,2020-01-03,0,0,1,0,0,1
Yorkshire and The Humber,2020-01-04,0,0,1,0,0,1
Yorkshire and The Humber,2020-01-05,0,0,1,0,0,1
Yorkshire and The Humber,2020-01-06,0,0,1,0,0,1
Yorkshire and The Humber,2020-01-07,0,0,1,0,0,1
Yorkshire and The Humber,2020-01-08,0,0,1,0,0,1
Yorkshire and The Humber,2020-01-09,0,0,1,0,0,1
Yorkshire and The Humber,2020-01-10,0,0,1,0,0,1
Yorkshire and The Humber,2020-01-11,0,0,1,0,0,1
Yorkshire and The Humber,2020-01-12,0,0,1,0,0,1
Yorkshire and The Humber,2020-01-13,0,0,1,0,0,1
Yorkshire and The Humber,2020-01-14,0,0,1,0,0,1
Yorkshire and The Humber,2020-01-15,0,0,1,0,0,1
Yorkshire and The Humber,2020-01-16,0,0,1,0,0,1
Yorkshire and The Humber,2020-01-17,0,0,1,0,0,1
Yorkshire and The Humber,2020-01-18,0,0,1,0,0,1
Yorkshire and The Humber,2020-01-19,0,0,1,0,0,1
Yorkshire and The Humber,2020-01-20,0,0,1,0,0,1
Yorkshire and The Humber,2020-01-21,0,0,1,0,0,1
Yorkshire and The Humber,2020-01-22,0,0,1,0,0,1
Yorkshire and The Humber,2020-01-23,0,0,1,0,0,1
Yorkshire and The Humber,2020-01-24,0,0,1,0,0,1
Yorkshire and The Humber,2020-01-25,0,0,1,0,0,1
Yorkshire and The Humber,2020-01-26,0,0,1,0,0,1
Yorkshire and The Humber,2020-01-27,0,0,1,0,0,1
Yorkshire and The Humber,2020-01-28,0,0,1,0,0,1
Yorkshire and The Humber,2020-01-29,0,0,1,0,0,1
Yorkshire and The Humber,2020-01-30,0,0,1,0,0,1
Yorkshire and The Humber,2020-01-31,0,0,1,0,0,1
Yorkshire and The Humber,2020-02-01,0,0,1,0,0,1
Yorkshire and The Humber,2020-02-02,0,0,0,0,0,1
Yorkshire and The Humber,2020-02-03,0,0,0,0,0,1
Yorkshire and The Humber,2020-02-04,0,0,1,0,0,1
Yorkshire and The Humber,2020-02-05,0,0,1,0,0,1
Yorkshire and The Humber,2020-02-06,0,0,1,0,0,1
Yorkshire and The Humber,2020-02-07,0,0,1,0,0,1
Yorkshire and The Humber,2020-02-08,0,0,1,0,0,1
Yorkshire and The Humber,2020-02-09,0,0,1,0,0,1
Yorkshire and The Humber,2020-02-10,0,0,1,0,0,1
Yorkshire and The Humber,2020-02-11,0,0,1,0,0,1
Yorkshire and The Humber,2020-02-12,0,0,2,0,0,1
Yorkshire and The Humber,2020-02-13,0,0,2,0,0,1
Yorkshire and The Humber,2020-02-14,1,0,2,0,1,1
Yorkshire and The Humber,2020-02-15,1,0,3,0,1,1
Yorkshire and The Humber,2020-02-16,1,0,3,0,1,1
Yorkshire and The Humber,2020-02-17,1,0,3,0,1,1
Yorkshire and The Humber,2020-02-18,2,0,4,1,2,1
Yorkshire and The Humber,2020-02-19,2,0,5,0,2,1
Yorkshire and The Humber,2020-02-20,3,0,5,1,3,1
Yorkshire and The Humber,2020-02-21,3,0,7,1,3,1
Yorkshire and The Humber,2020-02-22,4,0,8,1,4,1
Yorkshire and The Humber,2020-02-23,5,1,9,2,5,1
Yorkshire and The Humber,2020-02-24,6,0,10,2,6,1
Yorkshire and The Humber,2020-02-25,7,1,12,3,7,1
Yorkshire and The Humber,2020-02-26,8,2,14,6,10,1
Yorkshire and The Humber,2020-02-27,10,3,17,5,10,1
Yorkshire and The Humber,2020-02-28,11,3,19,6,12,1
Yorkshire and The Humber,2020-02-29,14,5,23,10,16,1
Yorkshire and The Humber,2020-03-01,16,7,26,10,17,1
Yorkshire and The Humber,2020-03-02,19,8,30,12,21,1
Yorkshire and The Humber,2020-03-03,23,10,35,17,26,1
Yorkshire and The Humber,2020-03-04,27,13,41,19,30,1
Yorkshire and The Humber,2020-03-05,33,17,48,24,36,1
Yorkshire and The Humber,2020-03-06,39,22,56,29,43,1
Yorkshire and The Humber,2020-03-07,44,26,64,35,50,1
Yorkshire and The Humber,2020-03-08,52,30,72,40,56,1
Yorkshire and The Humber,2020-03-09,60,35,82,52,70,1
Yorkshire and The Humber,2020-03-10,70,45,95,56,76,1
Yorkshire and The Humber,2020-03-11,81,55,108,70,91,1
Yorkshire and The Humber,2020-03-12,93,65,121,81,103,1
Yorkshire and The Humber,2020-03-13,107,77,135,91,115,1
Yorkshire and The Humber,2020-03-14,120,89,150,101,127,1
Yorkshire and The Humber,2020-03-15,135.5,102,164,125,149,1
Yorkshire and The Humber,2020-03-16,149,121,184,137,164,1
Yorkshire and The Humber,2020-03-17,166,130,196,150,176,1
Yorkshire and The Humber,2020-03-18,180,144,211,164,190,1
Yorkshire and The Humber,2020-03-19,194.5,160,226,177,203,1
Yorkshire and The Humber,2020-03-20,206,172,237,188,214,1
Yorkshire and The Humber,2020-03-21,221,190,254,203,230,1
Yorkshire and The Humber,2020-03-22,232,196,261,216,240,1
Yorkshire and The Humber,2020-03-23,243,212,275,232,257,1
Yorkshire and The Humber,2020-03-24,254,221,283,242,266,1
Yorkshire and The Humber,2020-03-25,262,227,293,247,273,1
Yorkshire and The Humber,2020-03-26,271,240,300,257,281,1
Yorkshire and The Humber,2020-03-27,275,244,306,256,282,1
Yorkshire and The Humber,2020-03-28,278,245,308,265,290,1
Yorkshire and The Humber,2020-03-29,283,247,316,270,297,1
Yorkshire and The Humber,2020-03-30,286,251,320,271,298,1
Yorkshire and The Humber,2020-03-31,293,258,330,275,305,1
Yorkshire and The Humber,2020-04-01,301,264,337,283,312,1
Yorkshire and The Humber,2020-04-02,310.5,276,350,293,323,1
Yorkshire and The Humber,2020-04-03,319,281,353,304,334,1
Yorkshire and The Humber,2020-04-04,327,288,362,312,341,1
Yorkshire and The Humber,2020-04-05,334,291,367,312,344,1
Yorkshire and The Humber,2020-04-06,342,300,379,324,357,1
Yorkshire and The Humber,2020-04-07,353,309,389,331,364,1
Yorkshire and The Humber,2020-04-08,365,326,408,341,376,1
Yorkshire and The Humber,2020-04-09,380,336,417,363,395,1
Yorkshire and The Humber,2020-04-10,392,349,431,369,402,1
Yorkshire and The Humber,2020-04-11,401,360,443,383,415,1
Yorkshire and The Humber,2020-04-12,412,373,454,394,426,1
Yorkshire and The Humber,2020-04-13,420,379,460,405,438,1
Yorkshire and The Humber,2020-04-14,429,390,473,405,438,1
Yorkshire and The Humber,2020-04-15,436,392,477,418,450,1
Yorkshire and The Humber,2020-04-16,446,404,484,425,457,1
Yorkshire and The Humber,2020-04-17,454,410,488,437,469,1
Yorkshire and The Humber,2020-04-18,461,423,497,445,475,1
Yorkshire and The Humber,2020-04-19,462,426,503,448,479,1
Yorkshire and The Humber,2020-04-20,463,424,497,448,479,1
Yorkshire and The Humber,2020-04-21,459.5,421,501,439,471,1
Yorkshire and The Humber,2020-04-22,455,416,491,434,466,1
Yorkshire and The Humber,2020-04-23,448,406,486,431,462,1
Yorkshire and The Humber,2020-04-24,439.5,399,476,419,451,1
Yorkshire and The Humber,2020-04-25,428,392,466,408,440,1
Yorkshire and The Humber,2020-04-26,413,375,444,393,421,1
Yorkshire and The Humber,2020-04-27,394,356,425,375,404,1
Yorkshire and The Humber,2020-04-28,375,340,407,356,385,1
Yorkshire and The Humber,2020-04-29,360,328,391,346,371,1
Yorkshire and The Humber,2020-04-30,349,316,379,337,362,1
Yorkshire and The Humber,2020-05-01,342,309,371,328,353,1
Yorkshire and The Humber,2020-05-02,335,301,364,320,346,1
Yorkshire and The Humber,2020-05-03,328,294,357,316,341,1
Yorkshire and The Humber,2020-05-04,321,290,350,305,331,1
Yorkshire and The Humber,2020-05-05,316,282,344,304,328,1
Yorkshire and The Humber,2020-05-06,310,285,341,297,319,1
Yorkshire and The Humber,2020-05-07,305,279,338,291,314,1
Yorkshire and The Humber,2020-05-08,298,268,327,284,308,1
Yorkshire and The Humber,2020-05-09,292,265,326,279,303,1
Yorkshire and The Humber,2020-05-10,281,249,308,267,290,1
Yorkshire and The Humber,2020-05-11,274.5,241,299,265,287,1
Yorkshire and The Humber,2020-05-12,265,237,292,250,273,1
Yorkshire and The Humber,2020-05-13,259,230,285,245,266,1
Yorkshire and The Humber,2020-05-14,254,225,279,242,263,1
Yorkshire and The Humber,2020-05-15,248,219,272,234,255,1
Yorkshire and The Humber,2020-05-16,241,214,267,224,246,1
Yorkshire and The Humber,2020-05-17,232,208,259,220,240,1
Yorkshire and The Humber,2020-05-18,222,194,245,213,233,1
Yorkshire and The Humber,2020-05-19,213,187,234,199,219,1
Yorkshire and The Humber,2020-05-20,206,179,228,195,215,1
Yorkshire and The Humber,2020-05-21,199,176,224,186,205,1
Yorkshire and The Humber,2020-05-22,196,172,219,186,205,1
Yorkshire and The Humber,2020-05-23,191,168,214,177,196,1
Yorkshire and The Humber,2020-05-24,184,160,205,175,192,1
Yorkshire and The Humber,2020-05-25,180,156,201,168,187,1
Yorkshire and The Humber,2020-05-26,175,155,196,164,180,1
Yorkshire and The Humber,2020-05-27,174,150,195,165,183,1
Yorkshire and The Humber,2020-05-28,173,150,195,160,179,1
Yorkshire and The Humber,2020-05-29,172,149,194,160,178,1
Yorkshire and The Humber,2020-05-30,172,152,197,158,176,1
Yorkshire and The Humber,2020-05-31,172,146,192,161,179,1
Yorkshire and The Humber,2020-06-01,173,149,195,161,179,1
Yorkshire and The Humber,2020-06-02,176,151,196,162,181,1
Yorkshire and The Humber,2020-06-03,179,155,202,168,185,1
Yorkshire and The Humber,2020-06-04,182,158,203,172,190,1
Yorkshire and The Humber,2020-06-05,184,158,204,172,190,1
Yorkshire and The Humber,2020-06-06,184,158,205,171,190,1
Yorkshire and The Humber,2020-06-07,184,157,203,173,192,1
Yorkshire and The Humber,2020-06-08,180,158,203,168,186,1
Yorkshire and The Humber,2020-06-09,178,154,200,169,186,1
Yorkshire and The Humber,2020-06-10,173,153,198,159,178,1
Yorkshire and The Humber,2020-06-11,170,147,192,159,178,1
Yorkshire and The Humber,2020-06-12,166,143,187,152,171,0.99
Yorkshire and The Humber,2020-06-13,159,139,182,149,166,0.99
Yorkshire and The Humber,2020-06-14,154,128,172,143,160,0.99
Yorkshire and The Humber,2020-06-15,146,124,164,139,155,0.99
Yorkshire and The Humber,2020-06-16,138,114,155,130,146,0.98
Yorkshire and The Humber,2020-06-17,131,110,149,119,135,0.98
Yorkshire and The Humber,2020-06-18,126,107,144,116,130,0.97
Yorkshire and The Humber,2020-06-19,121,102,139,108,124,0.96
Yorkshire and The Humber,2020-06-20,116,97,134,107,121,0.95
Yorkshire and The Humber,2020-06-21,111,92,128,104,118,0.93
Yorkshire and The Humber,2020-06-22,103,84,121,95,109,0.91
Yorkshire and The Humber,2020-06-23,97.5,77,112,89,102,0.89
Yorkshire and The Humber,2020-06-24,89,71,105,78,92,0.86
Yorkshire and The Humber,2020-06-25,81,67,101,71,85,0.82
